company,year,energy_consumption,female_employees,ghg_scope_1,ghg_scope_2,living_wage_policy,modern_slavery_statement,total_waste_generated,total_waste_recycled,water_withdrawals,total_employees,supplier_list,supplied_by,address
1832 Asset Management LP,2020,,,,,,Yes - UK Modern Slavery Act,,,,,,,
3G Radar Gestora de Recursos Ltda.,2020,,,,,,No - neither,,,,,,,
AHL Partners LLP,2020,,,,,,Yes - UK Modern Slavery Act,,,,,,,
AHL Partners LLP,2022,,,,,,Yes - UK Modern Slavery Act,,,,,,,
AHL Partners LLP,2023,,,,,,Yes - UK Modern Slavery Act,,,,,,,
AHL Partners LLP,2024,,,,,,Yes - UK Modern Slavery Act,,,,,,,
AJO LP,2020,,,,,,No - neither,,,,,,,
AKO Capital LLP,2020,,,,,,Yes - UK Modern Slavery Act,,,,,,,
AKO Capital LLP,2021,,,,,,Yes - UK Modern Slavery Act,,,,,,,
AKO Capital LLP,2022,,,,,,Yes - UK Modern Slavery Act,,,,,,,
AKO Capital LLP,2023,,,,,,Yes - UK Modern Slavery Act,,,,,,,
AKO Capital LLP,2024,,,,,,Yes - UK Modern Slavery Act,,,,,,,
ALLIANCEBERNSTEIN L.P.,2017,,,,,,Yes - UK Modern Slavery Act,,,,,,,
ALLIANCEBERNSTEIN L.P.,2018,,,,,,Yes - UK Modern Slavery Act,,,,,,,
ALLIANCEBERNSTEIN L.P.,2020,,,,,,Yes - UK Modern Slavery Act,,,,,,,
AMF,2020,,,,,,No - neither,,,,,,,
AMG National Trust Bank,2020,,,,,,No - neither,,,,,,,
AMIRAL GESTION,2020,,,,,,No - neither,,,,,,,
APG Asset Management,2020,,,,,,No - neither,,,,,,,
AQR Capital Management,2020,,,,,,Yes - UK Modern Slavery Act,,,,,,,
AXA Investment Managers (Paris) SA,2020,,,,,,Yes - UK Modern Slavery Act,,,,,,,
AXA Investment Managers UK Ltd.,2020,,,,,,Yes - UK Modern Slavery Act,,,,,,,
AXA Investment Managers UK Ltd.,2023,,,,,,Yes - UK Modern Slavery Act,,,,,,,
AXA Investment Managers UK Ltd.,2024,,,,,,Yes - UK Modern Slavery Act,,,,,,,
Abercrombie & Fitch,2017,,,8116,70580,,,,,,,,,
Abercrombie & Fitch,2018,614068.056,,8817,62744,,,,,,,,,
Abercrombie & Fitch,2019,,,,,No Living Wage Policy,,,,,,,,
Abercrombie & Fitch,2020,,,51449,51449,,,,,,,,,
Abercrombie & Fitch,2022,,,,,,,,20617,,,,,
Abercrombie & Fitch,2023,,,,,,,,,,40000,,36,
Aberdeen Asset Management,2017,,,,,,Yes - UK Modern Slavery Act,,,,,,,
Aberdeen Asset Management,2019,,,,,,Yes - UK Modern Slavery Act,,,,,,,
Aberdeen Asset Management,2020,,,,,,Yes - UK Modern Slavery Act,,,,,,,
Aberdeen Asset Management,2021,,,,,,Yes - UK Modern Slavery Act,,,,,,,
Aberdeen Asset Management,2022,,,,,,Yes - UK Modern Slavery Act,,,,,,,
Aberdeen Asset Management,2023,,,,,,Yes - UK Modern Slavery Act,,,,,,,
Aberdeen Asset Management,2024,,,,,,Yes - UK Modern Slavery Act,,,,,,,
Abrdn plc,2018,,,,,,Yes - UK Modern Slavery Act,,,,,,,
Abrdn plc,2019,,,,,,Yes - UK Modern Slavery Act,,,,,,,
Abrdn plc,2020,,,,,,Yes - UK Modern Slavery Act,,,,,,,
Abrdn plc,2021,,,,,,Yes - UK Modern Slavery Act,,,,,,,
Abrdn plc,2022,,,,,,Yes - UK Modern Slavery Act,,,,,,,
Abrdn plc,2023,,,,,,Yes - UK Modern Slavery Act,,,,,,,
Abrdn plc,2024,,,,,,Yes - UK Modern Slavery Act,,,,,,,
Acadian Asset Management,2020,,,,,,Yes - UK Modern Slavery Act,,,,,,,
Acadian Asset Management,2021,,,,,,Yes - Australian Modern Slavery Act,,,,,,,
Acadian Asset Management,2024,,,,,,Yes - Australian Modern Slavery Act,,,,,,,
AcomeA SGR SpA,2020,,,,,,No - neither,,,,,,,
Adage Capital Management LP,2020,,,,,,No - neither,,,,,,,
Adidas AG,2002,,6475,,,,,,,,,,,
Adidas AG,2003,,7059,,,,,,,,,,,
Adidas AG,2004,,6398,,,,,,,,,,,
Adidas AG,2005,,7489,,,,,,,,,,,
Adidas AG,2006,,,,,,,,,,,,,
Adidas AG,2007,,15045,,,,,,,,,,,
Adidas AG,2008,,19101,,,,,,,,,,,
Adidas AG,2009,,19798,,,,,,,,,,,
Adidas AG,2010,,20420,,,,,,,,,,2,
Adidas AG,2011,,23412,,,,,,,,,,,
Adidas AG,2012,,23153,,,,,,,,,,5,
Adidas AG,2013,,24856,,,,,,,,,,,
Adidas AG,2014,,26865,,,,,,,,,,11,
Adidas AG,2015,747108,27777,54108,,,,,,207530,55555,,,
Adidas AG,2016,748962,30308,52548,,,Yes - UK Modern Slavery Act,,,,,,16,
Adidas AG,2017,682643,28444,11702,48815,,,,,,56888,,,
"Adidas AG,2018,256377,27938,12379,55266,No Living Wage Policy,Yes - UK Modern Slavery Act,72.38,48.25,297665,,""Yes, Tier 1 only"",789,""Adi-Dassler-Strasse 1, 91074 Herzogenaurach, Germany""",nan,,,,,,,,,,,,,
"Adidas AG,2019,100271,30957,6620,21690,No Living Wage Policy,Yes - UK Modern Slavery Act,2247,Unknown,43822,,,604,""Adi-Dassler-Str. 1, 91074 Herzogenaurach, Germany""",nan,,,,,,,,,,,,,
Adidas AG,2020,,34256,,,,Yes - UK Modern Slavery Act,32951,,,62285,,1126,
Adidas AG,2023,1780160.4,30105,21779,142457,Living Wage mentioned,,26382,,,,,375,
"Adidas AG,2024,,,20844,,,""Yes - UK Modern Slavery Act, Yes - California Transparency in Supply Chains Act, Yes - Australian Modern Slavery Act, Yes - Norwegian Transparency Act, Yes - Canadian Act"",,,,,,,",nan,,,,,,,,,,,,,
Aditya Birla Fashion & Retail Ltd,2017,,10297,1719,52004,,,4764,,146769,,No,,
Aditya Birla Fashion & Retail Ltd,2018,325314.36,12569,1590,57877,No Living Wage Policy,,4233,4230,151403,,No,,
Aditya Birla Fashion & Retail Ltd,2019,364670.28,13308,937,59101,No Living Wage Policy,,4148,2381,124084,,No,,
Aditya Birla Fashion & Retail Ltd,2020,361739.52,,937,,,,,,,,,,
Aditya Birla Fashion & Retail Ltd,2021,,25000,,,,,2240,2985,,140000,,,
Aditya Birla Fashion & Retail Ltd,2022,450000,15632,1926,39300,No Living Wage Policy,,3736,1814,198784,25000,,,
Aditya Birla Fashion & Retail Ltd,2023,651,,,,,,5555,,,,,,
Aditya Birla Sun Life Amc Ltd. (Investment Management),2020,,,,,,No - neither,,,,,,,
Al Mehwar Commercial Investments LLC,2021,,,,,,No - neither,,,,,,,
Alecta Pensionsforsakring,2020,,,,,,No - neither,,,,,,,
Alken Asset Management Ltd.,2021,,,,,,Yes - UK Modern Slavery Act,,,,,,,
Allianz Global Investors Asia Pacific Ltd.,2020,,,,,,Yes - UK Modern Slavery Act,,,,,,,
Allianz Global Investors GmbH,2020,,,,,,Yes - UK Modern Slavery Act,,,,,,,
Alpargatas - Havaianas,2015,,,,,,,,,,,,,
Alpargatas - Havaianas,2016,,,,,,,,,,,,,
Alpargatas - Havaianas,2017,,,,,,,,,,,,,
Alpargatas - Havaianas,2018,,,,,,,,,,,,,
Alpargatas - Havaianas,2019,,,,,No Living Wage Policy,,,,,,,,
American Century Companies Inc,2020,,,,,,No - neither,,,,,,,
American Eagle Outfitters,2014,,,,,,,,,,,,,
American Eagle Outfitters,2015,,,,90000,,,,,,,,,
American Eagle Outfitters,2016,,,,82000,,,,,,,,,
American Eagle Outfitters,2017,,,,,,,,,,,,,
American Eagle Outfitters,2018,663032.7,31500,9953,70234,No Living Wage Policy,,,8,,45000,,,
American Eagle Outfitters,2019,837463.086,,9537,53027,No Living Wage Policy,,,,,,,,
American Eagle Outfitters,2021,543095.45,110272,9248,40231,Living Wage mentioned,,,,,,,,77 HOT METAL STREET PITTSBURGH 15203
American Eagle Outfitters,2022,743654.5488,32232,12343,45476,Living Wage mentioned,,29000,,,40800,,1,
American International Group,2020,,,,,,Yes - UK Modern Slavery Act,,,,,,,
Ameriprise Financial,2020,,,,,,No - neither,,,,,,,
Amundi,2017,,,,,,Yes - UK Modern Slavery Act,,,,,,,
Amundi,2019,,,,,,Yes - UK Modern Slavery Act,,,,,,,
Amundi,2020,,,,,,Yes - UK Modern Slavery Act,,,,,,,
Amundi,2021,,,,,,Yes - UK Modern Slavery Act,,,,,,,
Amundi,2023,,,,,,Yes - UK Modern Slavery Act,,,,,,,
Amundi,2024,,,,,,Yes - UK Modern Slavery Act,,,,,,,
Amundi SGR SpA,2020,,,,,,Yes - UK Modern Slavery Act,,,,,,,
Anatole Investment Management Ltd.,2020,,,,,,No - neither,,,,,,,
Ancora Advisors LLC,2020,,,,,,No - neither,,,,,,,
Anta Sports Products,2016,,,12327,53286,,,,,,,,,
Anta Sports Products,2017,,,14560,53091,,,,,,,,,
Anta Sports Products,2018,,16000,7019,77283,No Living Wage Policy,,2313.7728,,1677971,25000,,,
Anta Sports Products,2019,658691.80531,21067,15298,88358,No Living Wage Policy,,2463.528,,1912097,,,,
Anta Sports Products,2020,662819,29930,,,,,2377,3272.96,,,No,,
Anta Sports Products,2022,1215730.8,44309,4820,178794,,,1255.4,,,59000,,,
Anta Sports Products,2023,1327572,45496,8525,191654,Living Wage mentioned,,11940.1,,1517270,,,,
Antipodes Partners Ltd.,2020,,,,,,No - neither,,,,,,,
Arca Fondi SGR SpA,2020,,,,,,No - neither,,,,,,,
Argenta Banque d'Epargne SA,2021,,,,,,Yes - UK Modern Slavery Act,,,,,,,
ArrowMark Colorado Holdings LLC,2020,,,,,,No - neither,,,,,,,
Artemis Group,2018,,,,,,Yes - UK Modern Slavery Act,,,,,,,
Artemis Group,2020,,,,,,Yes - UK Modern Slavery Act,,,,,,,
Artemis Investment Management LLP,2020,,,,,,Yes - UK Modern Slavery Act,,,,,,,
Artisan Partners Asset Management Inc.,2020,,,,,,Yes - UK Modern Slavery Act,,,,,,,
Arvest Funds AG,2020,,,,,,No - neither,,,,,,,
Arvind Limited,2015,5962112,,417214,439498,,,,,,,,,
Arvind Limited,2016,5893815,,431290,432253,,,,,,,,,
"Arvind Limited,2017,Unknown,,Unknown,Unknown,,,,,,,,,""26/2 & 27/2, Kenchanahalli, Mysore Road, 560059, Bangalore""",nan,,,,,,,,,,,,,
"Arvind Limited,2019,4264000,12127,Unknown,Unknown,No Living Wage Policy,,Unknown,Unknown,4364000,,,,""381 Srn Reddy's Industrial Complex Bangalore 560100 Karnataka, India""",nan,,,,,,,,,,,,,
"Arvind Limited,2021,,Unknown,,,No Living Wage Policy,,,,,,,,""63/09,Dodda Thogur Village Electricity City Phase-1 Bangalore, Karnataka, India""",nan,,,,,,,,,,,,,
Arvind Limited,2022,6412024,,362942,283654,,,26421.58,17342.42,,,,,
"Arvind Limited,2023, 9771300,8816,418910.94,174369.54,Living Wage Methodology described,,27878.78,20509.93,2503697.8,,,,""63/9, DODDATHOGUR-VILLAGE, BEGUR-HOBLI, ELECTRONIC CITY -POST, BANGALORE 560100   IN""",nan,,,,,,,,,,,,,
Ascena Retail Group Inc,2017,,,,,,,,,,,,,
Ascena Retail Group Inc,2018,,59850,,,No Living Wage Policy,,,,,63000,,,
Ascena Retail Group Inc,2019,1783575,43989,15823,196039,No Living Wage Policy,,,,,,,109,
"Ascena Retail Group Inc,2020,Unknown,Unknown,Unknown,Unknown,Living Wage mentioned,,Unknown,Unknown,Unknown,,""Yes, Tier 1 only"",,",nan,,,,,,,,,,,,,
Asics Corporation,2016,256680,,4439,23293,,,,,,,,,
Asics Corporation,2017,245160,,4475,20968,,,,,,,,106,
Asics Corporation,2018,253440,,4064,20879,No Living Wage Policy,,3079,2440,72518,8823,,127,
"Asics Corporation,2019,262800,2766,3874,22137,No Living Wage Policy,,2983,2410,73016,,,,""1-1, Minatojima-Nakamachi 7-chome, Chuo-ku, Kobe, 650-8555, Japan",nan,,,,,,,,,,,,,
"ASICS Europe B.V., Taurusavenue 165 , 2132 LS Hoofddorp, the Netherlands""",nan,,,,,,,,,,,,,
Asics Corporation,2020,231840,347,2873,20262,,,1569,1216,,998,,,
Asics Corporation,2021,232560,330,3071,19138,,,1674,1324,,916,,164,
Asics Corporation,2022,232560,3403,3071,,,,1674,1324,,8886,,125,
Asics Corporation,2023,245159.99,,3581,18077,No Living Wage Policy,,2461,2030,73497,,,92,
Asos,2004,,,,,,,,,,44,,,
Asos,2005,,,,,,,,,,76,,,
Asos,2006,,,,,,,,,,135,,,
Asos,2007,,,,,,,,,,131,,,
Asos,2008,,,,,,,,,,176,,,
Asos,2009,,,,,,,,,,370,,,
Asos,2010,,,,,,,,,,547,,,
Asos,2011,,,,,,,,,,657,,,
Asos,2012,,,,,,,,,,842,,,
Asos,2013,,,,,,,,,,1164,,,
Asos,2014,,,,,,,,,,1627,,,
Asos,2015,,,,,,,,,,1892,,,
Asos,2016,,,778,4882,,,,,,2381,,,
Asos,2017,,,1189,5204,,,,,,3164,,541,
Asos,2018,,2807,1885,6920,Living Wage Methodology described,,,,,4386,,,
"Asos,2019,Unknown,Unknown,3279,11979,Living Wage Methodology described,,Unknown,Unknown,Unknown,,,561,""Greater London House",nan,,,,,,,,,,,,,
Hampstead Road,nan,,,,,,,,,,,,,
London,nan,,,,,,,,,,,,,
NW1 7FB,nan,,,,,,,,,,,,,
"United Kingdom""",nan,,,,,,,,,,,,,
Asos,2020,,,3177,11497,,,,,,,,1012,
Asos,2021,,,3602,11338,,,,,,3126,,952,Greater London House Hampstead Road London England NW1 7FB
Asos,2022,,,3351,3150,,,,,,3351,,707,Greater London House Hampstead Road London England NW1 7FB
Asos,2023,194025.6,,2785,10770,Living Wage Methodology described,,,,,3042,,621,
Asset Value Investors Ltd.,2020,,,,,,No - neither,,,,,,,
"Atlanta Capital Management Company, L.L.C.,2020,,,,,,""Yes - UK Modern Slavery Act, Yes - Australian Modern Slavery Act"",,,,,,,",nan,,,,,,,,,,,,,
Atmos Capital Gestao de Recursos Ltda,2020,,,,,,No - neither,,,,,,,
Atom Investors LP,2020,,,,,,Yes - UK Modern Slavery Act,,,,,,,
Atreides Management LP,2020,,,,,,No - neither,,,,,,,
Aviva Investors,2020,,,,,,Yes - UK Modern Slavery Act,,,,,,,
Aviva Investors,2021,,,,,,Yes - UK Modern Slavery Act,,,,,,,
BB Gestao de Recursos DTVM SA,2021,,,,,,Yes - UK Modern Slavery Act,,,,,,,
"BNP Paribas Asset Management,2020,,,,,,""Yes - UK Modern Slavery Act, Yes - Australian Modern Slavery Act"",,,,,,,",nan,,,,,,,,,,,,,
"BNP Paribas Asset Management United States of America, Inc.,2020,,,,,,""Yes - UK Modern Slavery Act, Yes - Australian Modern Slavery Act"",,,,,,,",nan,,,,,,,,,,,,,
BNY Mellon Administracao de Ativos Ltda.,2020,,,,,,Yes - Australian Modern Slavery Act,,,,,,,
BRAM - Bradesco Asset Management S.A. DTVM,2020,,,,,,No - neither,,,,,,,
BTG Pactual,2016,,,,,,Yes - UK Modern Slavery Act,,,,,,,
BTG Pactual,2017,,,,,,Yes - UK Modern Slavery Act,,,,,,,
BTG Pactual,2018,,,,,,Yes - UK Modern Slavery Act,,,,,,,
BTG Pactual,2019,,,,,,Yes - UK Modern Slavery Act,,,,,,,
BWM AG,2020,,,,,,No - neither,,,,,,,
Baillie Gifford & Co,2018,,,,,,Yes - UK Modern Slavery Act,,,,,,,
"Baillie Gifford & Co,2019,,,,,,""Yes - UK Modern Slavery Act, Yes - Australian Modern Slavery Act"",,,,,,,",nan,,,,,,,,,,,,,
"Baillie Gifford & Co,2020,,,,,,""Yes - UK Modern Slavery Act, Yes - Australian Modern Slavery Act"",,,,,,,",nan,,,,,,,,,,,,,
Baillie Gifford & Co,2021,,,,,,Yes - UK Modern Slavery Act,,,,,,,
Baillie Gifford & Co,2022,,,,,,Yes - UK Modern Slavery Act,,,,,,,
Baillie Gifford & Co,2023,,,,,,Yes - UK Modern Slavery Act,,,,,,,
Baillie Gifford & Co,2024,,,,,,Yes - UK Modern Slavery Act,,,,,,,
Balyasny Asset Management LP,2020,,,,,,Yes - UK Modern Slavery Act,,,,,,,
Bank of America,2016,,,,,,Yes - UK Modern Slavery Act,,,,,,,
Bank of America,2017,,,,,,Yes - UK Modern Slavery Act,,,,,,,
Bank of America,2018,,,,,,Yes - UK Modern Slavery Act,,,,,,,
Bank of America,2019,,,,,,Yes - UK Modern Slavery Act,,,,,,,
Bank of America,2020,,,,,,Yes - UK Modern Slavery Act,,,,,,,
Bank of New York Mellon,2017,,,,,,Yes - UK Modern Slavery Act,,,,,,,
Bank of New York Mellon,2018,,,,,,Yes - UK Modern Slavery Act,,,,,,,
Bank of New York Mellon,2019,,,,,,Yes - UK Modern Slavery Act,,,,,,,
Bank of New York Mellon,2020,,,,,,Yes - Australian Modern Slavery Act,,,,,,,
"Bank of New York Mellon,2021,,,,,,""Yes - UK Modern Slavery Act, Yes - Australian Modern Slavery Act"",,,,,,,",nan,,,,,,,,,,,,,
Bank of New York Mellon,2023,,,,,,Yes - UK Modern Slavery Act,,,,,,,
"Bank of New York Mellon,2024,,,,,,""Yes - UK Modern Slavery Act, Yes - California Transparency in Supply Chains Act"",,,,,,,",nan,,,,,,,,,,,,,
Banque Havilland SA,2020,,,,,,No - neither,,,,,,,
Banque Lombard Odier & Cie SA (Investment Management),2020,,,,,,No - neither,,,,,,,
Barclays,2017,,,,,,Yes - UK Modern Slavery Act,,,,,,,
Barclays,2018,,,,,,Yes - UK Modern Slavery Act,,,,,,,
"Barclays,2020,,,,,,""Yes - UK Modern Slavery Act, Yes - Australian Modern Slavery Act"",,,,,,,",nan,,,,,,,,,,,,,
"Barclays,2021,,,,,,""Yes - UK Modern Slavery Act, Yes - Australian Modern Slavery Act"",,,,,,,",nan,,,,,,,,,,,,,
Barclays,2023,,,,,,Yes - UK Modern Slavery Act,,,,,,,
Barclays,2024,,,,,,Yes - UK Modern Slavery Act,,,,,,,
Barclays,2025,,,,,,Yes - UK Modern Slavery Act,,,,,,,
Bares Capital Management Inc.,2020,,,,,,No - neither,,,,,,,
Bestseller AS,2016,,,,,,Yes - UK Modern Slavery Act,,,,,,,
Bestseller AS,2020,,,,,,Yes - UK Modern Slavery Act,,,,,,,
Bestseller AS,2021,,,,,,Yes - UK Modern Slavery Act,,,,,,,
"Bestseller AS,2024,,,,,,""Yes - UK Modern Slavery Act, Yes - Canadian Act"",,,,,,,",nan,,,,,,,,,,,,,
BlackRock,2018,,,,,,Yes - UK Modern Slavery Act,,,,,,,
BlackRock,2019,,,,,,Yes - UK Modern Slavery Act,,,,,,,
BlackRock,2020,,,,,,Yes - UK Modern Slavery Act,,,,,,,
BlackRock,2021,,,,,,Yes - UK Modern Slavery Act,,,,,,,
BlackRock Advisors (UK) Ltd.,2019,,,,,,Yes - UK Modern Slavery Act,,,,,,,
BlackRock Advisors (UK) Ltd.,2020,,,,,,Yes - UK Modern Slavery Act,,,,,,,
BlackRock Advisors (UK) Ltd.,2021,,,,,,Yes - UK Modern Slavery Act,,,,,,,
BlackRock Advisors (UK) Ltd.,2022,,,,,,Yes - UK Modern Slavery Act,,,,,,,
BlackRock Asset Management North Asia Ltd.,2020,,,,,,Yes - UK Modern Slavery Act,,,,,,,
BlackRock Brasil Gestora de Investimentos Ltda.,2020,,,,,,Yes - UK Modern Slavery Act,,,,,,,
BlackRock Fund Advisors,2020,,,,,,Yes - UK Modern Slavery Act,,,,,,,
BlackRock Investment Management (UK) Ltd.,2019,,,,,,Yes - UK Modern Slavery Act,,,,,,,
BlackRock Investment Management (UK) Ltd.,2020,,,,,,Yes - UK Modern Slavery Act,,,,,,,
BlackRock Investment Management (UK) Ltd.,2021,,,,,,Yes - UK Modern Slavery Act,,,,,,,
BlackRock Investment Management (UK) Ltd.,2022,,,,,,Yes - UK Modern Slavery Act,,,,,,,
BlackRock LLC,2020,,,,,,Yes - UK Modern Slavery Act,,,,,,,
Body Essence,2020,,,,,,No - neither,,,,,,,
Bogari Gestao de Investimentos Ltda.,2020,,,,,,No - neither,,,,,,,
Boohoo.com,2017,,,246,,,,,,,,,,
Boohoo.com,2018,,,421,,,,,,,,,,
Boohoo.com,2019,,1302,487,2928,No Living Wage Policy,,,,,,,,
Boohoo.com,2020,,1558,498,,Living Wage mentioned,,,,,,,,
Boohoo.com,2021,,1950,498,,,,,,,,,,
Boohoo.com,2022,,3240,660,4353,Living Wage mentioned,,99,,,,,,
Boohoo.com,2023,,3600,,,,,,,,,,,
Boot Barn Holdings Inc.,2019,,,,,No Living Wage Policy,,,,,,,,
Bosideng International Holdings Limited,2017,15048.69168,,,,,,,,,,,,
Bosideng International Holdings Limited,2018,7603.92,3110,,,No Living Wage Policy,,169.513,,115000000,6409,,,
Bosideng International Holdings Limited,2019,11314.08,4220,,,No Living Wage Policy,,168.75,,119000000,,,,
Bosideng International Holdings Limited,2020,,4220,,,,,,,,,No,,
Bosideng International Holdings Limited,2022,198755.28,8055,117.7,31228.5,,,10872.9,,,10118,,,
Bosideng International Holdings Limited,2023,300146.04,9546,140.9,45574,Living Wage Methodology described,,9623.68,,347000,,,,
Brandes Investment Partners LP,2020,,,,,,No - neither,,,,,,,
Bridgeway Capital Management,2020,,,,,,No - neither,,,,,,,
Brunello Cucinelli,2016,47633,,1361,2760,,,,,,,No,,
Brunello Cucinelli,2017,37162,,1608,3138,,,799.5,,,,No,,
Brunello Cucinelli,2018,41836,,1813,3626,,,856.81,,,,No,,
Brunello Cucinelli,2019,64862,1314.3,1845,3778,No Living Wage Policy,,1006.4,,50223000,,No,,
Brunello Cucinelli,2021,66378,1440,1468,6836,,,625,444,,2160,,,
Brunello Cucinelli,2023,80999,1835,1682,3696,No Living Wage Policy,,547.58,508.6,3.5,,,,
Buckle Inc,2019,,,,,No Living Wage Policy,,,,,,,,
"Buckle Inc,2021,Unknown,Unknown,Unknown,Unknown,,,Unknown,Unknown,,,,,""2407 W 24TH ST, KEARNEY, 68847""",nan,,,,,,,,,,,,,
Buckle Inc,2022,,,,,,,,,,9100,,,
Buckle Inc,2023,,,,,,,,,,9000,,,
Burberry Group plc,2004,,,,,,,,,,4131,,,
Burberry Group plc,2005,,,,,,,,,,4651,,,
Burberry Group plc,2006,,,,,,,,,,5218,,,
Burberry Group plc,2007,,,,,,,,,,5660,,,
Burberry Group plc,2008,,,,,,,,,,6208,,,
Burberry Group plc,2009,,,,,,,,,,5608,,,
Burberry Group plc,2010,,,,,,,,,,6681,,,
Burberry Group plc,2011,,,,,,,,,,7991,,,
Burberry Group plc,2012,,,,,,,,,,8867,,,
Burberry Group plc,2013,,7253,,,,,,,,9698,,,
Burberry Group plc,2014,,7457,,,,,,,,10309,,,
Burberry Group plc,2015,,7164,,,,,,,,10181,,,
Burberry Group plc,2016,,,,,,,,,,9828,,,
Burberry Group plc,2017,306543.04,6806,2128.3,33839.522,,,,,,9752,,,
Burberry Group plc,2018,296313.11,6806,2144.1,32072.001,Living Wage mentioned,,,,,10332,,,
Burberry Group plc,2019,275671.34,6870,2096.267,29111.338,Living Wage mentioned,,,,,,,,
Burberry Group plc,2022,261173.1924,6254,,,Living Wage Achieved,,,,,9293,,,Horseferry House Horseferry Road London SW1P 2AW
Burberry Group plc,2023,202545.41,6129,1667,37051,Living Wage Achieved,,,,,8868,,,Horseferry House Horseferry Road London SW1P 2AW
Burberry Group plc,2024,,,,,Living Wage Achieved,,,,,,,,
Burlington Stores Inc,2018,1832400,33000,12386,203343,No Living Wage Policy,,88539.19,48821,736830.4037556,44000,,,
Burlington Stores Inc,2019,1663200,35250,24793,167929,No Living Wage Policy,,85316,49100,810683.78766144,,,,
Burlington Stores Inc,2020,432800,,35077,139899,,,,57685,,,No,,
"Burlington Stores Inc,2021,618685,46018,35094,157435,Unknown,,120300,64817,Unknown,,,,""1830 ROUTE 130 NORTH, BURLINGTON, 08016""",nan,,,,,,,,,,,,,
Burlington Stores Inc,2022,2.339,46172,38806,341766,,,106571.527,60570.004,,62395,,,
Burlington Stores Inc,2023,2338646.4,51866,39715,158233,Living Wage Methodology described,,133956,83052.72,2279541.38,61166,,,
CAPFI DELEN Asset Management NV,2020,,,,,,No - neither,,,,,,,
CAPFI DELEN Asset Management SA,2020,,,,,,No - neither,,,,,,,
CI Investments Inc.,2020,,,,,,No - neither,,,,,,,
CITIGROUP GLOBAL MARKETS HOLDINGS INC.,2020,,,,,,Yes - Australian Modern Slavery Act,,,,,,,
Caisse de Depot et Placement du Quebec,2020,,,,,,Yes - Australian Modern Slavery Act,,,,,,,
Caleres Inc,2019,,,,,No Living Wage Policy,,,,,,,,
Caleres Inc,2023,381260,5608,5250,38950,No Living Wage Policy,,10400,6858,152211.3361,,,,
Camelot Capital Partners LLC,2020,,,,,,Yes - UK Modern Slavery Act,,,,,,,
Canaccord Genuity Limited,2015,,,,,,Yes - UK Modern Slavery Act,,,,,,,
Canaccord Genuity Limited,2016,,,,,,Yes - UK Modern Slavery Act,,,,,,,
Canaccord Genuity Limited,2017,,,,,,Yes - UK Modern Slavery Act,,,,,,,
Canaccord Genuity Limited,2018,,,,,,Yes - UK Modern Slavery Act,,,,,,,
Canaccord Genuity Limited,2019,,,,,,Yes - UK Modern Slavery Act,,,,,,,
Canaccord Genuity Limited,2020,,,,,,Yes - UK Modern Slavery Act,,,,,,,
Canada Goose,2019,,,2160,1113,No Living Wage Policy,,,,,,,,
Canada Goose,2020,,,,,,,,,,,No,,
Canada Goose,2021,,2666,,,,,,,,3590,,,
Canada Goose,2022,,3569,2407,1794,,,,,,4745,,,
Canada Goose,2023,,3302,1976,2461,No Living Wage Policy,,,1.75,,5053,,,
Canada Pension Plan Investment Board,2020,,,,,,Yes - UK Modern Slavery Act,,,,,,,
Canara Robeco Asset Management Co. Ltd.,2020,,,,,,No - neither,,,,,,,
CapFinancial Partners LLC,2020,,,,,,No - neither,,,,,,,
Capital International Investors,2020,,,,,,Yes - UK Modern Slavery Act,,,,,,,
Capital International Ltd.,2020,,,,,,Yes - UK Modern Slavery Act,,,,,,,
Capital Research & Management Co. (Global Investors),2020,,,,,,Yes - UK Modern Slavery Act,,,,,,,
Capital Research & Management Co. (International Investors),2020,,,,,,Yes - UK Modern Slavery Act,,,,,,,
Capital Research & Management Co. (World Investors),2020,,,,,,Yes - UK Modern Slavery Act,,,,,,,
Capital Research & Management Co. (World Investors),2021,,,,,,Yes - UK Modern Slavery Act,,,,,,,
Capital Research Global Investors,2020,,,,,,Yes - UK Modern Slavery Act,,,,,,,
Capital Research and Management Company,2020,,,,,,Yes - UK Modern Slavery Act,,,,,,,
Capital World Investors,2020,,,,,,Yes - UK Modern Slavery Act,,,,,,,
Capri Holdings Ltd (formerly Michael Kors),2019,,,,,No Living Wage Policy,,,,,,,,
Capri Holdings Ltd (formerly Michael Kors),2020,,12925,,,,,40275,,,,No,,
Capri Holdings Ltd (formerly Michael Kors),2021,,10074,29679,,,,,,,13800,,,
Capri Holdings Ltd (formerly Michael Kors),2022,,,,,,,,,,,,,
Capri Holdings Ltd (formerly Michael Kors),2023,,11160,5000,10000,No Living Wage Policy,,,,,15500,,,
Cardinal Capital Management LLC,2020,,,,,,No - neither,,,,,,,
Carmignac Gestion,2021,,,,,,Yes - UK Modern Slavery Act,,,,,,,
Carmignac Gestion Luxembourg SA (UK),2021,,,,,,Yes - UK Modern Slavery Act,,,,,,,
Carter's Inc,2018,594277.2,,6522,53402,No Living Wage Policy,,18540,3120,3018991.7,,,,
Carter's Inc,2019,,,,,No Living Wage Policy,,,,,,,,
Carter's Inc,2023,481118.4,1881,7433,35205,No Living Wage Policy,,28868,19335,1854851.88,,,,
Cato Corp,2019,,,,,No Living Wage Policy,,,,,,,,
Ceredex Value Advisors LLC,2020,,,,,,No - neither,,,,,,,
Champlain Investment Partners LLC,2020,,,,,,No - neither,,,,,,,
Charles Schwab Investment Advisory Inc.,2020,,,,,,No - neither,,,,,,,
Charles Schwab Investment Management Inc.,2020,,,,,,No - neither,,,,,,,
Chico's FAS Inc,2019,,,,,No Living Wage Policy,,,,,,,,
Chico's FAS Inc,2022,76042.5,,,,,,110444.48,44.1,,,,,
Chico's FAS Inc,2023,,13662,44.1,,,,,6558,,14261,,,
Children's Place Inc,2018,496728,,,,,,,,,,,,
Children's Place Inc,2019,,,,,No Living Wage Policy,,,,,,,,
Children's Place Inc,2021,296535.6,10353,4610,27015,,,53208,6118,,11900,,,
Children's Place Inc,2022,316713,,3964,25252,No Living Wage Policy,,45179,,135544.635,,,,
China Life Insurance,2020,,,,,,No - neither,,,,,,,
Chow Tai Fook,2017,,,,,,,,,,,,,
Chow Tai Fook,2018,358989,,1648,78572,,,,,,,,,
Chow Tai Fook,2019,371675,23226,1693,79997,No Living Wage Policy,,779,,549989,,,,
Chow Tai Fook,2021,370827,,,,,,,,,,,,
Chow Tai Fook,2022,414370,22176,1449,59007,,,854,,,28431,,,
Chow Tai Fook,2023,424492,22008,2507,60733,No Living Wage Policy,,668,51,522185,,,,
Christian Dior,2019,3815611.2,119216,67612.86,182805.14,No Living Wage Policy,,95620,87014.2,3927034,,,,
Christian Dior,2020,,106840,,,,,,,,,No,,
Christian Dior,2021,4313318.4,,71055,219123,,,113584,,,175647,,,
Christian Dior,2022,1346593,139164.26,67393,190051,,,118332,,,196006,,,
"Christian Dior,2023,6983146.8,151420,126532,90551 ,""Living Wage mentioned, Living Wage Methodology described"",,125095,3561,13550151,,,,",nan,,,,,,,,,,,,,
Cia Hering,2016,,,,,,,,,,,,,
Cia Hering,2017,,,,,,,,,,,,,
Cia Hering,2018,,4208.454,,,No Living Wage Policy,,,,1681000,6319,,,
Cia Hering,2019,592987387.5,3448,,,No Living Wage Policy,,,1254.3,1559500,5353,,,
Cia Hering,2020,435149.36,2876,,,,,,,,4635,No,,
Citadel Advisors LLC,2020,,,,,,Yes - UK Modern Slavery Act,,,,,,,
Citadel LLC,2020,,,,,,Yes - UK Modern Slavery Act,,,,,,,
Coatue Management LLC,2020,,,,,,No - neither,,,,,,,
Columbia Management Investment Advisers LLC,2020,,,,,,No - neither,,,,,,,
Columbia Sportswear,2018,,,366561,,No Living Wage Policy,,,,,6511,,,
Columbia Sportswear,2019,,4928,748981,,No Living Wage Policy,,,,,,,354,
Columbia Sportswear,2021,,4579,,,,,,,,8325,,321,14375 NW SCIENCE PARK DRIVE PORTLAND 97229
Columbia Sportswear,2022,,5197,5498,16853,,,,,,9450,,,
Columbia Sportswear,2023,,5438,,,No Living Wage Policy,,,,,,,642,
Constellation Asset Management,2020,,,,,,No - neither,,,,,,,
Consultinvest Asset Management SGR SpA,2020,,,,,,No - neither,,,,,,,
Contrarius Investment Management Ltd.,2020,,,,,,No - neither,,,,,,,
Cooke & Bieler LP,2020,,,,,,No - neither,,,,,,,
Cramer Rosenthal McGlynn LLC,2020,,,,,,No - neither,,,,,,,
"Credit Suisse Asset Management (Schweiz) AG,2020,,,,,,""Yes - UK Modern Slavery Act, Yes - Australian Modern Slavery Act"",,,,,,,",nan,,,,,,,,,,,,,
Credit Suisse Group,2017,,,,,,Yes - UK Modern Slavery Act,,,,,,,
Credit Suisse Group,2018,,,,,,Yes - UK Modern Slavery Act,,,,,,,
Credit Suisse Group,2019,,,,,,Yes - UK Modern Slavery Act,,,,,,,
"Credit Suisse Group,2020,,,,,,""Yes - UK Modern Slavery Act, Yes - Australian Modern Slavery Act"",,,,,,,",nan,,,,,,,,,,,,,
"Credit Suisse Securities (USA) LLC,2020,,,,,,""Yes - UK Modern Slavery Act, Yes - Australian Modern Slavery Act"",,,,,,,",nan,,,,,,,,,,,,,
Cross River Management LLC,2020,,,,,,No - neither,,,,,,,
D. E. Shaw & Co. LP,2019,,,,,,Yes - UK Modern Slavery Act,,,,,,,
D. E. Shaw & Co. LP,2020,,,,,,Yes - UK Modern Slavery Act,,,,,,,
D. E. Shaw & Co. LP,2021,,,,,,Yes - UK Modern Slavery Act,,,,,,,
D. E. Shaw & Co. LP,2024,,,,,,Yes - UK Modern Slavery Act,,,,,,,
D.C. Capital Advisors Ltd.,2020,,,,,,No - neither,,,,,,,
DFA Australia Ltd.,2020,,,,,,Yes - Australian Modern Slavery Act,,,,,,,
DFA Australia Ltd.,2021,,,,,,Yes - Australian Modern Slavery Act,,,,,,,
DFA Australia Ltd.,2022,,,,,,Yes - Australian Modern Slavery Act,,,,,,,
DFA Australia Ltd.,2023,,,,,,Yes - Australian Modern Slavery Act,,,,,,,
DJE Kapital AG,2020,,,,,,No - neither,,,,,,,
DNCA Finance,2020,,,,,,No - neither,,,,,,,
DSW Inc.,2019,,,,,No Living Wage Policy,,,,,,,,
DSW Inc.,2023,,,,,,,,,,,,,
DWS Investment GmbH,2019,,,,,,Yes - UK Modern Slavery Act,,,,,,,
DZ BANK AG,2020,,,,,,Yes - UK Modern Slavery Act,,,,,,,
Dahlia Capital Gestao de Recursos Ltda.,2020,,,,,,No - neither,,,,,,,
Daiwa Asset Management Co. Ltd.,2019,,,,,,Yes - UK Modern Slavery Act,,,,,,,
Deckers Outdoor Corporation,2016,20103.26,,,,,,,,,,,,
Deckers Outdoor Corporation,2017,25721.5,,,,,,,,,,,,
Deckers Outdoor Corporation,2018,38555.4,2480,,,No Living Wage Policy,,,,,3500,,,
Deckers Outdoor Corporation,2019,,1830,,,No Living Wage Policy,,,,,,,,
"Deckers Outdoor Corporation,2020,,2409 ,,,,,,,,,""Yes, Tier 1 & 2"",,",nan,,,,,,,,,,,,,
"Deckers Outdoor Corporation,2021,Unknown,2784,Unknown,Unknown,""Living Wage mentioned, Living Wage Timeframe set"",,218,2928,Unknown,,,181,250 COROMAR DRIVE GOLETA 93117",nan,,,,,,,,,,,,,
Deckers Outdoor Corporation,2022,207.32,,272.9,766.22,,,5421.25,95,,4000,,160,
Deckers Outdoor Corporation,2023,,2814,460.54,285.6,,,209,4559,,4380,,19,
Degroof Petercam Asset Management,2020,,,,,,No - neither,,,,,,,
Deka Investment,2020,,,,,,Yes - UK Modern Slavery Act,,,,,,,
"Deutsche Asset Management Americas,2020,,,,,,""Yes - UK Modern Slavery Act, Yes - Australian Modern Slavery Act"",,,,,,,",nan,,,,,,,,,,,,,
Deutsche Bank AG,2016,,,,,,Yes - UK Modern Slavery Act,,,,,,,
Deutsche Bank AG,2017,,,,,,Yes - UK Modern Slavery Act,,,,,,,
Deutsche Bank AG,2018,,,,,,Yes - UK Modern Slavery Act,,,,,,,
Deutsche Bank AG,2020,,,,,,Yes - UK Modern Slavery Act,,,,,,,
Deutsche Bank AG,2021,,,,,,Yes - UK Modern Slavery Act,,,,,,,
"Deutsche Bank AG,2022,,,,,,""Yes - UK Modern Slavery Act, Yes - Australian Modern Slavery Act"",,,,,,,",nan,,,,,,,,,,,,,
Diamond Hill Capital Management Inc.,2020,,,,,,No - neither,,,,,,,
Dick's Sporting Goods,2015,,,,,,,37336,20175,,,,,
Dick's Sporting Goods,2016,,,,,,,54452,36077,,,,,
Dick's Sporting Goods,2017,,,,,,,61383,36934,,,,,
Dick's Sporting Goods,2018,,,30028,325782,,,51368,35781,,,,,
Dick's Sporting Goods,2019,2419180.04,,27268,229960,No Living Wage Policy,,61512,41508,447859.08,41600,,,
"Dick's Sporting Goods,2021,Unknown,19650,48012,189077,Living Wage Methodology described,,14107,44050,0.7,,,,""345 COURT STREET, CORAOPOLIS, 15108""",nan,,,,,,,,,,,,,
Dick's Sporting Goods,2022,2455618,19150,52131,185832,Living Wage mentioned,,60953,43325,,50800,,333,
Dimensional Fund Advisors LP,2018,,,,,,Yes - UK Modern Slavery Act,,,,,,,
Dimensional Fund Advisors LP,2019,,,,,,Yes - UK Modern Slavery Act,,,,,,,
Dimensional Fund Advisors LP,2020,,,,,,Yes - UK Modern Slavery Act,,,,,,,
Dimensional Fund Advisors LP,2021,,,,,,Yes - UK Modern Slavery Act,,,,,,,
Dodge and Cox,2016,,,,,,No - neither,,,,,,,
Dodge and Cox,2017,,,,,,No - neither,,,,,,,
Dodge and Cox,2018,,,,,,No - neither,,,,,,,
Dodge and Cox,2019,,,,,,No - neither,,,,,,,
Dodge and Cox,2020,,,,,,No - neither,,,,,,,
Douglas Lane & Associates LLC,2020,,,,,,No - neither,,,,,,,
Dynamo Administracao de Recursos Ltda.,2020,,,,,,No - neither,,,,,,,
EARNEST Partners LLC,2020,,,,,,No - neither,,,,,,,
Eastspring Investments (Singapore) Ltd.,2020,,,,,,No - neither,,,,,,,
Eaton Vance Management,2016,,,,,,No - neither,,,,,,,
Eaton Vance Management,2017,,,,,,No - neither,,,,,,,
Eaton Vance Management,2018,,,,,,No - neither,,,,,,,
Eaton Vance Management,2019,,,,,,No - neither,,,,,,,
Eaton Vance Management,2020,,,,,,Yes - Australian Modern Slavery Act,,,,,,,
Eaton Vance Management,2021,,,,,,Yes - Australian Modern Slavery Act,,,,,,,
Econopolis Wealth Management NV,2020,,,,,,No - neither,,,,,,,
Edgewood Management LLC,2020,,,,,,No - neither,,,,,,,
Edmond de Rothschild Asset Management (France) SA,2020,,,,,,No - neither,,,,,,,
Egerton Capital (UK) LLP,2020,,,,,,Yes - UK Modern Slavery Act,,,,,,,
Eleva Capital,2020,,,,,,No - neither,,,,,,,
Elo Mutual Pension Insurance Company,2020,,,,,,No - neither,,,,,,,
Eminence Capital LP,2020,,,,,,No - neither,,,,,,,
Ennismore Fund Management Ltd.,2020,,,,,,No - neither,,,,,,,
Ersel Asset Management SGR SpA,2020,,,,,,No - neither,,,,,,,
Esprit Holdings Limited,2015,43275.97,,1252,16529,,,,,,,,,
Esprit Holdings Limited,2016,,,1383,18731,,,,,,,,,
Esprit Holdings Limited,2017,,,1424,15976,,,,,,,,,
Esprit Holdings Limited,2018,,6000,2106,14048,No Living Wage Policy,,,,,6450,,1232,
"Esprit Holdings Limited,2019,Unknown,4940,2457,10189,No Living Wage Policy,,Unknown,Unknown,Unknown,,,,""Esprit Global Image GmbH, Esprit-Allee, 40882 Ratingen, Germany""",nan,,,,,,,,,,,,,
Esprit Holdings Limited,2020,,,,,,,,,,3400,,1218,
Esprit Holdings Limited,2021,,1875,32.121,,,,,,,2259,,793,
Esprit Holdings Limited,2022,,,,,,,,,,2227,,679,
Esprit Holdings Limited,2023,101768.4,1961,1286,5382,Living Wage mentioned,,2280.9,,,,,686,
Eurizon Capital SGR SpA,2020,,,,,,No - neither,,,,,,,
Express Inc,2019,,,,,No Living Wage Policy,,,,,,,,
FIL Investment Advisors (UK) Ltd.,2020,,,,,,Yes - UK Modern Slavery Act,,,,,,,
FIL Investment Advisors (UK) Ltd.,2022,,,,,,Yes - UK Modern Slavery Act,,,,,,,
FIL Investment Advisors (UK) Ltd.,2023,,,,,,Yes - UK Modern Slavery Act,,,,,,,
FIL Investment Advisors (UK) Ltd.,2024,,,,,,Yes - UK Modern Slavery Act,,,,,,,
FIL Investment Management (Hong Kong) Ltd.,2020,,,,,,Yes - UK Modern Slavery Act,,,,,,,
FIL Investment Management (Singapore) Ltd.,2020,,,,,,Yes - UK Modern Slavery Act,,,,,,,
FIL Investments International,2020,,,,,,Yes - UK Modern Slavery Act,,,,,,,
FIL Investments International,2022,,,,,,Yes - UK Modern Slavery Act,,,,,,,
FIL Investments International,2023,,,,,,Yes - UK Modern Slavery Act,,,,,,,
FIL Investments International,2024,,,,,,Yes - UK Modern Slavery Act,,,,,,,
FMR LLC,2020,,,,,,Yes - UK Modern Slavery Act,,,,,,,
Fairtree Capital (Pty) Ltd.,2020,,,,,,No - neither,,,,,,,
Fast Retailing,2006,,,,,,,,,,,,,
Fast Retailing,2008,,,,,,,,,,,,,
Fast Retailing,2009,,,,,,,,,,,,,
Fast Retailing,2010,,,,,,,,,,,,,
Fast Retailing,2011,,,,,,,,,,,,,
Fast Retailing,2012,,,,,,,,,,,,,
Fast Retailing,2013,,,,,,,,,,,,,
Fast Retailing,2014,,,,,,,,,,30448,,,
Fast Retailing,2015,,,,,,,,,,41646,,,
Fast Retailing,2016,,70500,11474,,,,,,,43639,,,
"Fast Retailing,2017,1139351.3021,70300,13209,166071,,""Yes - UK Modern Slavery Act, Yes - California Transparency in Supply Chains Act"",,,,,""Yes, Tier 1 only"",,",nan,,,,,,,,,,,,,
"Fast Retailing,2018,1075903.6145,34662,12419,137857,,,,,,,Unknown,,""717-1 Sayama, Yamaguchi City, Yamaguchi 754-0894 , Japan""",nan,,,,,,,,,,,,,
"Fast Retailing,2019,925667.747,38888,11218,117314,No Living Wage Policy,""Yes - UK Modern Slavery Act, Yes - California Transparency in Supply Chains Act"",Unknown,Unknown,Unknown,,""Yes, Tier 1 only"",,""Midtown Tower,",nan,,,,,,,,,,,,,
Akasaka,nan,,,,,,,,,,,,,
9-chome,,,,,,,,,,,,,,
Minato,,,,,,,,,,,,,,
Tokyo,,,,,,,,,,,,,,
"Japan""",nan,,,,,,,,,,,,,
"Fast Retailing,2020,916629.4983,40755,11174,Unknown,,""Yes - UK Modern Slavery Act, Yes - California Transparency in Supply Chains Act"",,,,,""Yes, Tier 1 only"",233,",nan,,,,,,,,,,,,,
"Fast Retailing,2021,,38801,,,,""Yes - UK Modern Slavery Act, Yes - California Transparency in Supply Chains Act"",,,,,,307,",nan,,,,,,,,,,,,,
Fast Retailing,2022,2041982,39555,9738,445160,No Living Wage Policy,,241873,10434,48545,57576,,435,
"Fast Retailing,2023,2210340.75,41251,9558,85502,,""Yes - UK Modern Slavery Act, Yes - California Transparency in Supply Chains Act, Yes - Australian Modern Slavery Act"",54522,14117.695,50396,,,,",nan,,,,,,,,,,,,,
"Fast Retailing,2024,,41230,,,,""Yes - UK Modern Slavery Act, Yes - California Transparency in Supply Chains Act, Yes - Australian Modern Slavery Act, Yes - Canadian Act"",,,,,,,",nan,,,,,,,,,,,,,
Fidelity (Canada) Asset Management ULC,2020,,,,,,Yes - UK Modern Slavery Act,,,,,,,
Fidelity Institutional Asset Management (FIAM),2020,,,,,,Yes - UK Modern Slavery Act,,,,,,,
Fidelity Investments Canada ULC,2020,,,,,,Yes - UK Modern Slavery Act,,,,,,,
Fidelity Management & Research Company,2020,,,,,,Yes - UK Modern Slavery Act,,,,,,,
Fideuram Investimenti SGR SpA,2020,,,,,,No - neither,,,,,,,
Fiera Capital Corporation,2020,,,,,,No - neither,,,,,,,
Financiere de l'Echiquier SA,2020,,,,,,No - neither,,,,,,,
First Eagle Investment Management LLC,2020,,,,,,No - neither,,,,,,,
Fjarde AP-fonden,2020,,,,,,No - neither,,,,,,,
Foot Locker Inc.,2019,,22692,,,No Living Wage Policy,,,,,,,,
Foot Locker Inc.,2020,,25089.96,,,,,,,,,No,,
"Foot Locker Inc.,2021,,24467,,,,,,,,,,,""FOOT LOCKER, INC. NEW YORK 10001""",nan,,,,,,,,,,,,,
Foot Locker Inc.,2022,1007713,21055,6745,83648,,,5344,7521,,46880,,,
Foot Locker Inc.,2023,909351,22955,7186,53401,No Living Wage Policy,,7470,6706,328045.35,,,,
"Fossil Group, Inc.,2019,Unknown,6732,Unknown,Unknown,No Living Wage Policy,,Unknown,Unknown,Unknown,,,,""901 S Central Expway, Richardson, TX""",nan,,,,,,,,,,,,,
"Francesca's,2019,Unknown,Unknown,Unknown,Unknown,No Living Wage Policy,,Unknown,Unknown,Unknown,,,,""Francesca Creation SRO, Martin, 036 01""",nan,,,,,,,,,,,,,
Franklin Mutual Advisers LLC,2020,,,,,,Yes - UK Modern Slavery Act,,,,,,,
Franklin Resources,2018,,,,,,Yes - UK Modern Slavery Act,,,,,,,
Franklin Resources,2020,,,,,,Yes - UK Modern Slavery Act,,,,,,,
Franklin Templeton Asset Management (India) Pvt Ltd.,2020,,,,,,Yes - UK Modern Slavery Act,,,,,,,
Franklin Templeton Institutional LLC,2020,,,,,,Yes - UK Modern Slavery Act,,,,,,,
Frontier Capital Management Co. LLC,2020,,,,,,No - neither,,,,,,,
Fuller & Thaler Asset Management Inc.,2020,,,,,,No - neither,,,,,,,
GF Securities,2020,,,,,,No - neither,,,,,,,
GIC Private Ltd (GIC),2020,,,,,,No - neither,,,,,,,
GVC Gaesco Gestion SGIIC SA,2020,,,,,,No - neither,,,,,,,
Gabelli Funds LLC,2020,,,,,,No - neither,,,,,,,
Gap inc.,2010,,,,,,,,,,134000,,,
Gap inc.,2011,,92400,,,,,,,,132000,,,
Gap inc.,2012,,,,,,,,,,136000,,,
Gap inc.,2013,,,,,,,,,,137000,,,
Gap inc.,2014,4.2048,92828,31275,468584,,,,,,141000,,,
Gap inc.,2015,,,,,,,,,1140000,141000,,,
Gap inc.,2016,3963600,,23810,423877,,,,,1070000,135000,,,
Gap inc.,2017,3945600,99900,26320,379183,No Living Wage Policy,,,,1982179,135000,,1,
Gap inc.,2018,3909600,102600,27818,359825,No Living Wage Policy,,,,,135000,,,
"Gap inc.,2019,3769200,98040,27316,336270,No Living Wage Policy,,Unknown,Unknown,Unknown,,,,""2 Folsom St.",nan,,,,,,,,,,,,,
San Francisco,nan,,,,,,,,,,,,,
CA 94105,nan,,,,,,,,,,,,,
"USA""",nan,,,,,,,,,,,,,
Gap inc.,2020,,,25352,215372,,,,,,117000,,318,
Gap inc.,2021,3334683,,,,No Living Wage Policy,,20857,,,97000,,562,TWO FOLSOM STREET SAN FRANCISCO 94105
Gap inc.,2022,2935820,71250,41942,235106,,,,,892000000,95000,,484,
Gap inc.,2023,,64600,,,No Living Wage Policy,,,,895000000,85000,,497,
Gap inc.,2024,,62320,,,,,,,,82000,,,
Gatemore Capital Management,2020,,,,,,No - neither,,,,,,,
Gavea Investimentos Ltda.,2020,,,,,,No - neither,,,,,,,
Generali Investments Partners SpA SGR (France),2019,,,,,,Yes - UK Modern Slavery Act,,,,,,,
Genesco Inc.,2019,,,,,No Living Wage Policy,,,,,,,,
Genesco Inc.,2022,,,,,,,,,,,,,
Geode Capital Management LLC,2020,,,,,,No - neither,,,,,,,
Geox SpA,2018,120221.02,3423,1576.51,3631.19,No Living Wage Policy,,1908.5,1770.86,21000,,,,
Geox SpA,2019,121886.44,3546,1429.21,8804.34,No Living Wage Policy,,1876.26,1874.2,34700,,,,Via Feltrina Centro 16 - 31044 Biadene di Montebelluna (TV)
Geox SpA,2020,96835,3187,277.51,6433.74,,,1775.76,1546.74,,4486,,,
Geox SpA,2021,98806.13,2063,649.95,5950.31,,,1879.75,1674.11,,3036,,,
Geox SpA,2022,,,,,,,,,,,,,
Geox SpA,2023,78240.6,1833,1666.94,523.44,No Living Wage Policy,,1545.14,1468.68,17600,,,,
Gerry Weber,2016,,,,,,,,,,,,,
Gerry Weber,2017,,,,,,,,,,,,,
Gerry Weber,2018,,4429,,,,,,,,4814,,,
Gerry Weber,2019,,,,,No Living Wage Policy,,,,,,,,
Gerry Weber,2021,49232.106,2185,2116.32,,,,,,,2377,,,
Gerry Weber,2022,,2072,,,Living Wage mentioned,,,,,2300,,,
Gildan Activewear Inc.,2014,6187582,,,,,,,,,,,,
Gildan Activewear Inc.,2015,6033248,,,,,,,,,,,,
Gildan Activewear Inc.,2016,6519288,,120121,388199,,,72175.28,62018.27,,,,,
Gildan Activewear Inc.,2017,8229194,,102086,475413,,,,,,,,,
Gildan Activewear Inc.,2018,8047676,24249,118729,312517,Living Wage mentioned,,82275.04,,22143000,50000,,,
Gildan Activewear Inc.,2019,8203875,23972,97059,315067,Living Wage mentioned,,80339.83,,20517675,,,3,
Gildan Activewear Inc.,2021,6839349,,91095,281545,,,67785,59487,,,,25,
Gildan Activewear Inc.,2022,,,,,,,,,,50000,,37,
"Gildan Activewear Inc.,2023,7575584,18297,91000,281000,""Living Wage mentioned, Living Wage Methodology described"",,67000,60000,17230746,,,25,",nan,,,,,,,,,,,,,
Global X Management Co. LLC,2020,,,,,,No - neither,,,,,,,
"Goldman Sachs & Company, Inc.,2020,,,,,,""Yes - UK Modern Slavery Act, Yes - Australian Modern Slavery Act"",,,,,,,",nan,,,,,,,,,,,,,
"Goldman Sachs Asset Management International,2020,,,,,,""Yes - UK Modern Slavery Act, Yes - Australian Modern Slavery Act"",,,,,,,",nan,,,,,,,,,,,,,
Goldman Sachs Asset Management International,2022,,,,,,Yes - UK Modern Slavery Act,,,,,,,
Goldman Sachs Asset Management International,2023,,,,,,Yes - UK Modern Slavery Act,,,,,,,
Goldman Sachs Asset Management International,2024,,,,,,Yes - UK Modern Slavery Act,,,,,,,
"Goldman Sachs Asset Management L.P.,2020,,,,,,""Yes - UK Modern Slavery Act, Yes - Australian Modern Slavery Act"",,,,,,,",nan,,,,,,,,,,,,,
Goldman Sachs Group Inc.,2018,,,,,,Yes - UK Modern Slavery Act,,,,,,,
"Goldman Sachs Group Inc.,2020,,,,,,""Yes - UK Modern Slavery Act, Yes - Australian Modern Slavery Act"",,,,,,,",nan,,,,,,,,,,,,,
Grandeur Peak Global Advisors LLC,2020,,,,,,No - neither,,,,,,,
Grendene,2019,333549.36,10124,1367.094,7444.368,No Living Wage Policy,,1308.303,24098.05,224841,,,,
Grendene,2021,33315542,7170,219154.1,,,,25700,23130,,17687,,,
Grendene,2022,384035,6743,2332.72,4274.62,,,24089,21518.5,,16735,,165,
Grendene,2023,380709.43,6991,2399.06,3827.8,No Living Wage Policy,,23849.17,20317.16,449260,,,,
Groupama,2020,,,,,,No - neither,,,,,,,
Groupama Asset Management,2020,,,,,,No - neither,,,,,,,
Groupe Bruxelles Lambert (GBL),2020,,,,,,No - neither,,,,,,,
Guess? Inc,2014,,,,33186,,,,,,,,,
Guess? Inc,2017,362505.6,,1175,35492,,,,,,,,,
Guess? Inc,2018,377283.6,,1375,38217,No Living Wage Policy,,,,21200,14700,,,
Guess? Inc,2019,378954,,1539,39246,No Living Wage Policy,,,,27000,,,,
Guess? Inc,2020,,,,,,,,,,14701,No,,
"Guess? Inc,2021,343455,Unknown,30531,Unknown,,,1093,762.1,,,,,""ATTN:  JASON MILLER, LOS ANGELES, 90021""",nan,,,,,,,,,,,,,
Guess? Inc,2022,347767,8880,1216,19079,No Living Wage Policy,,,,,,,56,
Guess? Inc,2023,347767,9000,20295,,,,102,,,12000,,,
H&M,2002,,20796,,,,,,,,,,,
H&M,2003,,22727,,,,,,,,,,,
H&M,2004,,25361,,,,,,,,,,,
H&M,2005,,27691,,,,,,,,,,,
H&M,2006,,,,,,,,,,,,,
H&M,2007,,37623,,,,,,,,,,,
H&M,2008,,42210,,,,,,,,,,,
H&M,2009,,43316,,,,,,,,,,,
H&M,2010,,48146,,,,,,,,,,,
H&M,2011,,51899,,,,,,,,,,,
H&M,2012,,56375,,,,,,,,,,,
H&M,2013,,62446,,,,,,,1463000,,,,
H&M,2014,4031022,70947,10723,330952,,,32000,7684,1521779,93351,,,
H&M,2015,,79522,9308,142445,,,,,1576642,104634,,,
H&M,2016,5219718,85939,10736,70165,,,,,1480000,114586,,,
H&M,2017,5893266,93615,12484,51206,,,,,,123178,,1110,
H&M,2018,6186278,91229.42,11818,45160,No Living Wage Policy,,,,,123283,,,
"H&M,2019,6229012,92254,13380,48082,Living Wage mentioned,,Unknown,Unknown,Unknown,,,,""Head Office H & M Hennes & Mauritz AB",nan,,,,,,,,,,,,,
Mäster Samuelsgatan,nan,,,,,,,,,,,,,
46A SE-106 38,nan,,,,,,,,,,,,,
Stockholm,nan,,,,,,,,,,,,,
"SWEDEN""",nan,,,,,,,,,,,,,
H&M,2020,,81640.5,,,,,,,,110325,,1393,
H&M,2021,4963650,79458,12684,,,,,,,107375,,1646,
H&M,2022,4980547,79892,13899,46803,,,,,,106552,,781,
H&M,2023,4340035,105820,16354,377307,Living Wage mentioned,,,,,101103,,977,
H&M,2024,,101139,,,,,,,,138566,,,
HDFC Asset Management Co. Ltd.,2020,,,,,,No - neither,,,,,,,
HS Management Partners LLC,2020,,,,,,No - neither,,,,,,,
HSBC Asset Management,2020,,,,,,Yes - UK Modern Slavery Act,,,,,,,
HSBC Asset Management (India) Pvt Ltd.,2020,,,,,,Yes - UK Modern Slavery Act,,,,,,,
Half Sky Capital (UK) Ltd.,2020,,,,,,No - neither,,,,,,,
Handelsbanken Fonder AB,2019,,,,,,Yes - UK Modern Slavery Act,,,,,,,
Hanesbrands,2016,4030313.3570084,,,,,,,,,,,,
Hanesbrands,2017,4188571.7349014,,,,,,,,,,,48,
Hanesbrands,2018,4262425.6445848,,106842,183733,No Living Wage Policy,,56358.59,48346.43,9909400000,68000,,,
"Hanesbrands,2019,3682234.8,Unknown,98839,163583,No Living Wage Policy,,50819.1268,45817.5079,9172800,,,21,""1000 Hanes Mill Rd, Winstonsalem, NC""",nan,,,,,,,,,,,,,
Hanesbrands,2021,3778920,39500,87010,122092,Living Wage mentioned,,32600,,11196,61000,,67,1000 EAST HANES MILL ROAD WINSTON-SALEM 27105
Hanesbrands,2022,,34000,,,,,,,,50000,,213,
Hargreaves Lansdown Asset Management Ltd.,2020,,,,,,Yes - UK Modern Slavery Act,,,,,,,
Hargreaves Lansdown Stockbrokers Ltd.,2020,,,,,,Yes - UK Modern Slavery Act,,,,,,,
Harris Associates,2020,,,,,,No - neither,,,,,,,
Hermes International,2016,727650,,32.2,,,,,,,12834,,,
Hermes International,2017,750261.6,,42.3,,,,,,,13483,,,
Hermes International,2018,751255.2,9713.12,,,No Living Wage Policy,,12650,,719725,14284,,,
Hermes International,2019,733104,10484,,,No Living Wage Policy,,13409,,668469,,,,
Hermes International,2020,,,,,,,,,,,No,,
Hermes International,2021,791740.8,11789,21257,16124,,,12830,4419,,17595,,,
Hermes International,2022,8031276,,,,Living Wage mentioned,,14336,,670981,19686,,,
Hermes International,2023,786380.4,14985,12800,9200,Living Wage mentioned,,16340,6292,5365000,22040,,,
Hermes Investment Management,2019,,,,,,Yes - UK Modern Slavery Act,,,,,,,
Hermes Investment Management,2020,,,,,,Yes - UK Modern Slavery Act,,,,,,,
Hermes Investment Management,2024,,,,,,Yes - UK Modern Slavery Act,,,,,,,
Hood River Capital Management LLC,2020,,,,,,No - neither,,,,,,,
Hudson's Bay Company,2015,0.6372,,28620,166855,,,,,,,,,
Hudson's Bay Company,2016,0.6552,,30528,151860,,,,,,,,,
Hudson's Bay Company,2017,0.6408,,,,,,,,,,,,
Hudson's Bay Company,2018,,,184241,,No Living Wage Policy,,28903.8,,,,,,
"Hudson's Bay Company,2019,Unknown,Unknown,Unknown,Unknown,No Living Wage Policy,,9125.48,Unknown,Unknown,,""Yes, Tier 1 only"",218,",nan,,,,,,,,,,,,,
Hudson's Bay Company,2020,,,54188,,,,4637.96,,,13000,,,
Hugo Boss AG,2014,,,10621,12079,,,4261,,,,,,
Hugo Boss AG,2015,,,10785,12120,,,4874,0.942,,,,,
Hugo Boss AG,2016,,,11419,23857,,Yes - UK Modern Slavery Act,6145,3731,,,,,
Hugo Boss AG,2017,429159.6,8240,11712,39469,No Living Wage Policy,Yes - UK Modern Slavery Act,5637,3657,195832,13966,,151,
"Hugo Boss AG,2018,496652.4,10371,12448,30328,No Living Wage Policy,Yes - UK Modern Slavery Act,6231,3962,224899,,,,""Dieselstrasse 12, 72555 Metzingen, Germany""",nan,,,,,,,,,,,,,
"Hugo Boss AG,2019,472104,10360,12009,20384,Living Wage mentioned,Yes - UK Modern Slavery Act,7097,4269,206858,,,167,""HUGO BOSS AG, Dieselstraße 12, 72555 Metzingen""",nan,,,,,,,,,,,,,
Hugo Boss AG,2020,,9319,,,,Yes - UK Modern Slavery Act,,,,,,86,
"Hugo Boss AG,2021,426484.8,10018.8,10225,94599.0777778,,,61715.28,3666,175970,,""Yes, Tier 1 only"",108,",nan,,,,,,,,,,,,,
"Hugo Boss AG,2022,467103.60,11779,11058,Unknown,,,8161,4878,Unknown,,""Yes, Tier 1 & 2"",257,",nan,,,,,,,,,,,,,
"Hugo Boss AG,2023,,,,,,Yes - UK Modern Slavery Act,,,,,,349,""Dieselstrasse 12, 72555 Metzingen""",nan,,,,,,,,,,,,,
ICICI Prudential Asset Management Co. Ltd.,2020,,,,,,Yes - UK Modern Slavery Act,,,,,,,
ICICI Prudential Life Insurance Co. Ltd. (Invt Port),2020,,,,,,Yes - UK Modern Slavery Act,,,,,,,
IG Markets Ltd.,2020,,,,,,Yes - UK Modern Slavery Act,,,,,,,
IG Markets Ltd.,2021,,,,,,Yes - UK Modern Slavery Act,,,,,,,
Immersion Capital LLP,2020,,,,,,No - neither,,,,,,,
Impala Asset Management LLC,2020,,,,,,No - neither,,,,,,,
Inditex,2000,,,,,,,,,,,,,
Inditex,2001,,,,,,,,,,,,,
Inditex,2002,,,,,,,,,,,,,
Inditex,2003,,,,,,,,,,,,,
Inditex,2004,,,,,,,,,,,,,
Inditex,2005,,,,,,,,,,,,,
Inditex,2006,,57330,,,,,,,,69240,,,
Inditex,2007,,64488,,,,,,,,79517,,,
Inditex,2008,,63931,,,,,,,,89112,,,
Inditex,2009,,71706,,,,,,,,92301,,,
Inditex,2010,,74275,,,,,,,,100138,,,
Inditex,2011,,87062,,,,,,,,109512,,,
Inditex,2012,,93607,24479,589758,,,,,991727,120314,,,
Inditex,2013,,100597,22525,627982,,,,,1010836,128313,,,
Inditex,2014,6357960,106902,21347,666188,,,,,1088105,137054,,,
"Inditex,2015,6543195,116169,22996,622879,""No Living Wage Policy, Living Wage mentioned, Living Wage Timeframe set, Living Wage Methodology described, Living Wage Achieved"",,18.446818,16479.179,1151000,,,,",nan,,,,,,,,,,,,,
"Inditex,2016,6675402,122919,20689,540312,""Living Wage mentioned, Living Wage Timeframe set, Living Wage Methodology described, Living Wage Achieved"",,19.211,16847.749,1177082,,,,",nan,,,,,,,,,,,,,
Inditex,2017,6822878.4,128879,18550,470629,,,,,,,,,
Inditex,2018,7088857.2,130790,21055,486957,Living Wage mentioned,,21831.4,19211.632,1256167,,,166,
"Inditex,2019,6814610,134224,17311,332789,""Living Wage mentioned, Living Wage Methodology described"",,23352,21297.86,2068661,,,Unknown,""Edificio Inditex",nan,,,,,,,,,,,,,
Av. Diputación s/n,nan,,,,,,,,,,,,,
15143 - Arteixo,nan,,,,,,,,,,,,,
"A Coruña - Spain""",nan,,,,,,,,,,,,,
Inditex,2020,,93748,12986,108006,,,18478038,,1663039,,,,
Inditex,2021,6322357,124993,14575,47770,,,20397.42,18281.88,,165042,,8,
Inditex,2022,6101341.2,123201,11232,0,Living Wage mentioned,,20632.28,18632.334,1780190,164997,,,
"Inditex,2023,5782364,118925,11512,0,""Living Wage mentioned, Living Wage Methodology described"",,21606,Unknown, 1767463,,,,",nan,,,,,,,,,,,,,
Invesco,2018,,,,,,Yes - UK Modern Slavery Act,,,,,,,
Invesco,2019,,,,,,Yes - UK Modern Slavery Act,,,,,,,
Invesco,2020,,,,,,Yes - UK Modern Slavery Act,,,,,,,
Invesco,2021,,,,,,Yes - UK Modern Slavery Act,,,,,,,
Invesco,2024,,,,,,Yes - UK Modern Slavery Act,,,,,,,
Invesco Asset Management Limited,2019,,,,,,Yes - UK Modern Slavery Act,,,,,,,
Invesco Capital Management LLC,2020,,,,,,Yes - UK Modern Slavery Act,,,,,,,
Investec Asset Management,2019,,,,,,Yes - UK Modern Slavery Act,,,,,,,
Investment Counselors of Maryland LLC,2020,,,,,,Yes - UK Modern Slavery Act,,,,,,,
Itau Unibanco SA,2020,,,,,,No - neither,,,,,,,
Ivy Investment Management Co.,2020,,,,,,No - neither,,,,,,,
JC Penney,2016,6162386.4,,59506.73,707421.58,,,,,,,,,
JC Penney,2017,5673466.8,,57130,585132,,,,,,,,,
JC Penney,2018,5526331.056,,69938.89,545674.52,No Living Wage Policy,,,,,98000,,,
"JC Penney,2019,3682234.8,Unknown,98839,163583,No Living Wage Policy,,50819.126820096,45817.507996024,9171083.15045,,,,""6501 Legacy Dr, Plano, TX""",nan,,,,,,,,,,,,,
JD Sports Fashion plc,2016,222472.8,,3751,41505,,,,,,,,,
JD Sports Fashion plc,2017,231462,,7308,40662,,,,,,,,,
JD Sports Fashion plc,2018,213120,,4237,41579,,,,,,,,,
JD Sports Fashion plc,2019,776109.6,27434,8979,73597,Living Wage mentioned,,,,,,,,
"JD Sports Fashion plc,2022,1102253.09,37679,7461,106950,""Living Wage mentioned, Living Wage Timeframe set, Living Wage Methodology described, Living Wage Achieved"",,Unknown,Unknown,Unknown,,,,Hollinsbrook Way Pilsworth Bury Lancashire BL9 8RR",nan,,,,,,,,,,,,,
JD Sports Fashion plc,2023,1063910.088,42300,7353,44159,Living Wage mentioned,,,,,75000,,,Hollinsbrook Way Pilsworth Bury Lancashire BL9 8RR
"JP Morgan Asset Management,2020,,,,,,""Yes - UK Modern Slavery Act, Yes - Australian Modern Slavery Act"",,,,,,,",nan,,,,,,,,,,,,,
"JPMorgan Asset Management (Asia Pacific) Ltd.,2020,,,,,,""Yes - UK Modern Slavery Act, Yes - Australian Modern Slavery Act"",,,,,,,",nan,,,,,,,,,,,,,
"JPMorgan Asset Management (Japan) Ltd.,2020,,,,,,""Yes - UK Modern Slavery Act, Yes - Australian Modern Slavery Act"",,,,,,,",nan,,,,,,,,,,,,,
"JPMorgan Asset Management (UK) Ltd.,2020,,,,,,""Yes - UK Modern Slavery Act, Yes - Australian Modern Slavery Act"",,,,,,,",nan,,,,,,,,,,,,,
"JPMorgan Chase & Co.,2020,,,,,,""Yes - UK Modern Slavery Act, Yes - Australian Modern Slavery Act"",,,,,,,",nan,,,,,,,,,,,,,
JPMorgan Chase & Co.,2021,,,,,,Yes - Australian Modern Slavery Act,,,,,,,
"JPMorgan Chase & Co.,2022,,,,,,""Yes - UK Modern Slavery Act, Yes - Australian Modern Slavery Act"",,,,,,,",nan,,,,,,,,,,,,,
"JPMorgan Chase Bank, NA (UK Investment Management),2020,,,,,,""Yes - UK Modern Slavery Act, Yes - Australian Modern Slavery Act"",,,,,,,",nan,,,,,,,,,,,,,
"JPMorgan Investment Management, Inc.,2020,,,,,,""Yes - UK Modern Slavery Act, Yes - Australian Modern Slavery Act"",,,,,,,",nan,,,,,,,,,,,,,
"JPMorgan Securities LLC (Investment Management),2020,,,,,,""Yes - UK Modern Slavery Act, Yes - Australian Modern Slavery Act"",,,,,,,",nan,,,,,,,,,,,,,
Jacobs Levy Equity Management,2020,,,,,,No - neither,,,,,,,
Jane Street Capital LLC,2020,,,,,,Yes - UK Modern Slavery Act,,,,,,,
"Janus Capital Management LLC,2020,,,,,,""Yes - UK Modern Slavery Act, Yes - Australian Modern Slavery Act"",,,,,,,",nan,,,,,,,,,,,,,
Janus Henderson Investors,2016,,,,,,Yes - UK Modern Slavery Act,,,,,,,
Janus Henderson Investors,2019,,,,,,Yes - UK Modern Slavery Act,,,,,,,
"Janus Henderson Investors,2020,,,,,,""Yes - UK Modern Slavery Act, Yes - Australian Modern Slavery Act"",,,,,,,",nan,,,,,,,,,,,,,
Janus Henderson Investors,2021,,,,,,Yes - UK Modern Slavery Act,,,,,,,
Jarvis Investment Management Ltd.,2020,,,,,,No - neither,,,,,,,
Jennison Associates LLC,2019,,,,,,Yes - UK Modern Slavery Act,,,,,,,
Julius Baer Group,2020,,,,,,Yes - UK Modern Slavery Act,,,,,,,
Jupiter Asset Management,2020,,,,,,Yes - UK Modern Slavery Act,,,,,,,
Jupiter Asset Management,2021,,,,,,Yes - UK Modern Slavery Act,,,,,,,
Jupiter Asset Management,2022,,,,,,Yes - UK Modern Slavery Act,,,,,,,
Jupiter Asset Management,2023,,,,,,Yes - UK Modern Slavery Act,,,,,,,
Jupiter Asset Management,2024,,,,,,Yes - UK Modern Slavery Act,,,,,,,
Jupiter Fund Management plc,2018,,,,,,Yes - UK Modern Slavery Act,,,,,,,
Jupiter Fund Management plc,2019,,,,,,Yes - UK Modern Slavery Act,,,,,,,
Jupiter Fund Management plc,2020,,,,,,Yes - UK Modern Slavery Act,,,,,,,
Jupiter Fund Management plc,2021,,,,,,Yes - UK Modern Slavery Act,,,,,,,
Jupiter Fund Management plc,2023,,,,,,Yes - UK Modern Slavery Act,,,,,,,
KBC Asset Management NV,2020,,,,,,Yes - UK Modern Slavery Act,,,,,,,
KW Investment Management Ltd.,2020,,,,,,No - neither,,,,,,,
Kempen Capital Management NV,2019,,,,,,Yes - UK Modern Slavery Act,,,,,,,
Kering,2014,,,,,,,12205,,,,,,
Kering,2015,,,,,,,13871,,,,,,
Kering,2016,1109988,23230,19229,117003,,,14680,,831647,40052,,,
"Kering,2017,795880.8,25588,12486,67864,,""Yes - UK Modern Slavery Act, Yes - California Transparency in Supply Chains Act"",19195,,,,No,,",nan,,,,,,,,,,,,,
"Kering,2018,895964,21.879,12567,27906,No Living Wage Policy,""Yes - UK Modern Slavery Act, Yes - California Transparency in Supply Chains Act"",18527,13370.824,843853,,No,Unknown,",nan,,,,,,,,,,,,,
"Kering,2019,912376.8,23945,14287,16417,Living Wage mentioned,""Yes - UK Modern Slavery Act, Yes - California Transparency in Supply Chains Act"",19834,15164.649,880822,,,,",nan,,,,,,,,,,,,,
"Kering,2020,795182.4,24326,Unknown,8326,,""Yes - UK Modern Slavery Act, Yes - California Transparency in Supply Chains Act, Yes - Australian Modern Slavery Act"",13366,,637343,,,,",nan,,,,,,,,,,,,,
"Kering,2021,,46810,2381991,Unknown,Living Wage mentioned,""Yes - UK Modern Slavery Act, Yes - California Transparency in Supply Chains Act, Yes - Australian Modern Slavery Act"",691879,Unknown,,,""Yes, Tier 1 only"",,",nan,,,,,,,,,,,,,
Kering,2022,110299,,,,,,,,,,,,
"Kering,2023,1264068,30138, 14918,7923,""Living Wage mentioned, Living Wage Methodology described"",""Yes - UK Modern Slavery Act, Yes - California Transparency in Supply Chains Act, Yes - Australian Modern Slavery Act, Yes - Canadian Act"",18945,11556.45, 962557,,,,",nan,,,,,,,,,,,,,
"Kering,2024,,,,,,""Yes - UK Modern Slavery Act, Yes - California Transparency in Supply Chains Act, Yes - Australian Modern Slavery Act, Yes - Canadian Act"",,,,,,,",nan,,,,,,,,,,,,,
Keva,2020,,,,,,No - neither,,,,,,,
King Luther Capital Management Corp,2020,,,,,,No - neither,,,,,,,
Kinnevik,2020,,,,,,No - neither,,,,,,,
Kotak Mahindra Asset Management (Singapore) Pte Ltd.,2020,,,,,,No - neither,,,,,,,
Kotak Mahindra Asset Management Co. Ltd.,2020,,,,,,No - neither,,,,,,,
L Brands,2017,,,24399,259475,,,,,,,,,
L Brands,2018,,,26837,237330,,,,,,,,39,
L Brands,2019,2131124.4,,26627,239622,No Living Wage Policy,,,,,,,,
L Brands,2023,1030293,50390,17599,59340,Living Wage Methodology described,,103450,72770,196000,,,,
LOYS AG,2020,,,,,,No - neither,,,,,,,
LSV Asset Management,2021,,,,,,Yes - UK Modern Slavery Act,,,,,,,
Lao Feng Xiang Jewelry,2019,,,,,,,,,,,,,
Lazard Asset Management LLC,2020,,,,,,Yes - UK Modern Slavery Act,,,,,,,
Lazard Freres Gestion SAS,2020,,,,,,Yes - UK Modern Slavery Act,,,,,,,
Legal & General Group,2017,,,,,,Yes - UK Modern Slavery Act,,,,,,,
Legal & General Group,2019,,,,,,Yes - UK Modern Slavery Act,,,,,,,
Legal & General Group,2020,,,,,,Yes - UK Modern Slavery Act,,,,,,,
Legal & General Group,2021,,,,,,Yes - UK Modern Slavery Act,,,,,,,
Legal & General Group,2022,,,,,,Yes - UK Modern Slavery Act,,,,,,,
Legal & General Group,2023,,,,,,Yes - UK Modern Slavery Act,,,,,,,
Legal & General Group,2024,,,,,,Yes - UK Modern Slavery Act,,,,,,,
Legal & General Investment Management,2020,,,,,,Yes - UK Modern Slavery Act,,,,,,,
Legal & General Investment Management,2022,,,,,,Yes - UK Modern Slavery Act,,,,,,,
Legal & General Investment Management,2024,,,,,,Yes - UK Modern Slavery Act,,,,,,,
Legion Partners Asset Management LLC,2020,,,,,,No - neither,,,,,,,
Li-Ning,2017,42330.42,,969.44,5008.55,,,,,,,,,
Li-Ning,2018,50177.45,,1042.46,6245.13,,,,,,,,,
Li-Ning,2019,46005.77,,769.77,5942.84,No Living Wage Policy,,510.28,,,,,,
Li-Ning,2021,12387.13,1324,634.56,4860.17,,,1051.67,1051.67,,4019,,,
Li-Ning,2022,46914.156,,506.18,5900.32,,,712.140021,,,4610,,,
Li-Ning,2023,58324.86,1658,1313.14,5973.72,No Living Wage Policy,,831.75,,,,,,
Life Insurance Corp of India,2020,,,,,,No - neither,,,,,,,
Lindsell Train Ltd.,2020,,,,,,Yes - UK Modern Slavery Act,,,,,,,
Lindsell Train Ltd.,2021,,,,,,Yes - UK Modern Slavery Act,,,,,,,
Lindsell Train Ltd.,2022,,,,,,Yes - UK Modern Slavery Act,,,,,,,
Lindsell Train Ltd.,2023,,,,,,Yes - UK Modern Slavery Act,,,,,,,
Lindsell Train Ltd.,2024,,,,,,Yes - UK Modern Slavery Act,,,,,,,
Liontrust Investments Ltd.,2019,,,,,,Yes - UK Modern Slavery Act,,,,,,,
Lojas Renner S.A.,2017,700.632,11388,5632.8,17883.1,Living Wage mentioned,,670.2,2369,,16976,,,
Lojas Renner S.A.,2018,653.14,14586,3343.3,13091.8,Living Wage mentioned,,2328,2255,,22334,,,
Lojas Renner S.A.,2019,659.3,15718,3435,13528.5,No Living Wage Policy,,2.984,2.3872,309700,,,,
Lojas Renner S.A.,2020,,,,,,,,,292000,,No,,
"Lojas Renner S.A.,2021,Unknown,Unknown,Unknown,Unknown,,,Unknown,Unknown,,,""Yes, Tier 1 & 2"",1482,",nan,,,,,,,,,,,,,
Lojas Renner S.A.,2022,,,,,,,,,,26000,,1159,
"Lojas Renner S.A.,2023,810800,15893, 4579.5, 8933.2,""Living Wage mentioned, Living Wage Timeframe set, Living Wage Methodology described"",,6034.36,5648.3,420383.0,,,1075,",nan,,,,,,,,,,,,,
Lombard Odier Asset Management Limited,2018,,,,,,Yes - UK Modern Slavery Act,,,,,,,
Lombard Odier Asset Management Limited,2020,,,,,,Yes - UK Modern Slavery Act,,,,,,,
Lone Pine Capital LLC,2020,,,,,,No - neither,,,,,,,
"Loomis, Sayles & Company,2022,,,,,,""Yes - UK Modern Slavery Act, Yes - Australian Modern Slavery Act"",,,,,,,",nan,,,,,,,,,,,,,
Lord Abbett,2016,,,,,,No - neither,,,,,,,
Lord Abbett,2017,,,,,,No - neither,,,,,,,
Lord Abbett,2018,,,,,,No - neither,,,,,,,
Lord Abbett,2019,,,,,,No - neither,,,,,,,
Lord Abbett,2020,,,,,,No - neither,,,,,,,
Lord Abbett,2023,,,,,,No - neither,,,,,,,
Louis Vuitton Malletier SA (LVMH),2015,2746400,92756.04,64468,344336,,,89943,77351,2383924,125346,,,
Louis Vuitton Malletier SA (LVMH),2016,3417804,99512,62657,322972,,,87096,86,5092605,134476,,,
Louis Vuitton Malletier SA (LVMH),2017,359676,106030.31,63970,315342,No Living Wage Policy,,78549,71479.59,4813154,145247,No,,
Louis Vuitton Malletier SA (LVMH),2018,4597498.8,114000,96030.75,288092.25,No Living Wage Policy,,102184,95031.12,4045833,156088,,,
Louis Vuitton Malletier SA (LVMH),2019,4602960,119216,68060.52,295899.48,No Living Wage Policy,,95620,87014.2,5119110,150479,,,
Louis Vuitton Malletier SA (LVMH),2020,,106840,,,,,80690,,,150479,,,
Louis Vuitton Malletier SA (LVMH),2021,4922424,124709,71390.6,304349.4,,,113580,,,175647,,,
Louis Vuitton Malletier SA (LVMH),2022,5512248,,65883.4,263533.6,No Living Wage Policy,,118330,,3992220,196006,,,
Louis Vuitton Malletier SA (LVMH),2023,,151421,,,,,,,,,,,
Louis Vuitton Malletier SA (LVMH),2024,,153102,,,,,,,,,,,
Luxottica Group SpA,2016,1257480,,18957.51,119418.49,,,,,,,,,
Luxottica Group SpA,2017,1369800,53645,19610.24,133594.76,,,,,,,No,,
Luxottica Group SpA,2018,1400760,51886,19787.256,141084.744,No Living Wage Policy,,50060,9966.562,3100000,82000,No,,
Luxottica Group SpA,2019,5819760,88660,55936,724082,No Living Wage Policy,,104256,26205,8031007,,,,
Lyrical Asset Management LP,2020,,,,,,No - neither,,,,,,,
Lyxor Asset Management,2020,,,,,,No - neither,,,,,,,
M&G plc,2018,,,,,,Yes - UK Modern Slavery Act,,,,,,,
M&G plc,2019,,,,,,Yes - UK Modern Slavery Act,,,,,,,
M&G plc,2020,,,,,,Yes - UK Modern Slavery Act,,,,,,,
M&G plc,2021,,,,,,Yes - UK Modern Slavery Act,,,,,,,
MFS International (UK) Ltd.,2018,,,,,,Yes - UK Modern Slavery Act,,,,,,,
MFS International (UK) Ltd.,2019,,,,,,Yes - UK Modern Slavery Act,,,,,,,
MFS International (UK) Ltd.,2021,,,,,,Yes - UK Modern Slavery Act,,,,,,,
MFS Investment Management,2019,,,,,,Yes - UK Modern Slavery Act,,,,,,,
MFS Investment Management,2021,,,,,,Yes - Australian Modern Slavery Act,,,,,,,
Mackenzie Financial Corp.,2020,,,,,,No - neither,,,,,,,
Mackenzie Investments Corp. (United States),2020,,,,,,No - neither,,,,,,,
Macquarie Group,2018,,,,,,Yes - UK Modern Slavery Act,,,,,,,
"Macquarie Group,2019,,,,,,""Yes - UK Modern Slavery Act, Yes - Australian Modern Slavery Act"",,,,,,,",nan,,,,,,,,,,,,,
"Macquarie Group,2020,,,,,,""Yes - UK Modern Slavery Act, Yes - Australian Modern Slavery Act"",,,,,,,",nan,,,,,,,,,,,,,
Macquarie Group,2021,,,,,,Yes - Australian Modern Slavery Act,,,,,,,
"Macquarie Group,2022,,,,,,""Yes - UK Modern Slavery Act, Yes - Australian Modern Slavery Act"",,,,,,,",nan,,,,,,,,,,,,,
Macquarie Group,2023,,,,,,Yes - Australian Modern Slavery Act,,,,,,,
"Macquarie Group,2024,,,,,,""Yes - UK Modern Slavery Act, Yes - Australian Modern Slavery Act, Yes - Canadian Act"",,,,,,,",nan,,,,,,,,,,,,,
"Macquarie Investment Management Business Trust,2019,,,,,,""Yes - UK Modern Slavery Act, Yes - Australian Modern Slavery Act"",,,,,,,",nan,,,,,,,,,,,,,
"Macquarie Investment Management Europe S.A., ValueInvest,2019,,,,,,""Yes - UK Modern Slavery Act, Yes - Australian Modern Slavery Act"",,,,,,,",nan,,,,,,,,,,,,,
Macy's,2016,6910318.8,,96876,710548,,,,,,,,,
Macy's,2017,6712106.4,,97837,631865,,,,,,,,,
Macy's,2018,5727430.8,97500,45504,552248,No Living Wage Policy,,,,,130000,,,
Macy's,2019,5561586,91020,46793,500067,No Living Wage Policy,,,,,,,,
Macy's,2020,4508665.2,60026,36870,367601,Living Wage Achieved,,,,,75711,No,,
"Macy's,2021,5241074.4,69500,42421,426362,Living Wage Achieved,,Unknown,Unknown,Unknown,,,,""151 WEST 34TH STREET, NEW YORK, 10001""",nan,,,,,,,,,,,,,
Macy's,2022,5316000,65700,40901,439168,,,28047,70662,,90000,,,
Majedie Asset Management Limited,2018,,,,,,Yes - UK Modern Slavery Act,,,,,,,
Majedie Asset Management Limited,2020,,,,,,Yes - UK Modern Slavery Act,,,,,,,
Man Group plc,2017,,,,,,Yes - UK Modern Slavery Act,,,,,,,
Man Group plc,2019,,,,,,Yes - UK Modern Slavery Act,,,,,,,
Man Group plc,2020,,,,,,Yes - UK Modern Slavery Act,,,,,,,
Man Group plc,2021,,,,,,Yes - UK Modern Slavery Act,,,,,,,
Managed Account Advisors LLC,2020,,,,,,Yes - UK Modern Slavery Act,,,,,,,
Manulife Financial,2020,,,,,,No - neither,,,,,,,
Manulife Investment Management (US) LLC,2020,,,,,,No - neither,,,,,,,
Marathon Asset Management LLP,2018,,,,,,Yes - UK Modern Slavery Act,,,,,,,
Marathon Asset Management LLP,2020,,,,,,Yes - UK Modern Slavery Act,,,,,,,
Marathon Asset Management LLP,2021,,,,,,Yes - UK Modern Slavery Act,,,,,,,
Marks and Spencer Group plc,2010,,,,,,,,,,76267,,,
Marks and Spencer Group plc,2011,,,,,,,,,,78169,,,
Marks and Spencer Group plc,2012,,,,,,,,,,81000,,,
Marks and Spencer Group plc,2013,,,168000,340000,,,,,,81734,,,
Marks and Spencer Group plc,2014,,58552,167000,367000,,,,,50,79966,,,
Marks and Spencer Group plc,2015,,59810,,,,,,80000,,83069,,,
Marks and Spencer Group plc,2016,,57841,,,,,,,,80041,,,
Marks and Spencer Group plc,2017,0.23,61340,185000,293000,Living Wage Achieved,,4.06,200000,1179558,85209,,,
Marks and Spencer Group plc,2018,0.21132,55961,182000,248000,Living Wage Achieved,,81000,200000,1053561,80787,,1750,
"Marks and Spencer Group plc,2019,0.198,55961,167000,193000,""Living Wage mentioned, Living Wage Timeframe set, Living Wage Methodology described"",,Unknown,Unknown,1053561,,,,""Marks and Spencer plc",nan,,,,,,,,,,,,,
Waterside House,nan,,,,,,,,,,,,,
35 North Wharf Road,nan,,,,,,,,,,,,,
"London W21NW UK""",nan,,,,,,,,,,,,,
Marks and Spencer Group plc,2020,,53219,,,,,,,,78000,,1361,
"Marks and Spencer Group plc,2021,Unknown,48727,298000,Unknown,""Living Wage mentioned, Living Wage Achieved"",,59053,59053,1000000,,,578,Waterside House 35 North Wharf Road London W2 1NW",nan,,,,,,,,,,,,,
"Marks and Spencer Group plc,2022,Unknown,45484,174000,140000,""Living Wage mentioned, Living Wage Timeframe set, Living Wage Methodology described, Living Wage Achieved"",,78474,78474,1000000,,,241,Waterside House 35 North Wharf Road London W2 1NW",nan,,,,,,,,,,,,,
Marks and Spencer Group plc,2023,,44035,226000,137000,Living Wage mentioned,,69000,69000,,64261,,,
Marshall Wace Asia Ltd.,2019,,,,,,Yes - UK Modern Slavery Act,,,,,,,
Marshall Wace LLP,2019,,,,,,Yes - UK Modern Slavery Act,,,,,,,
Marshall Wace LLP,2020,,,,,,Yes - UK Modern Slavery Act,,,,,,,
Massachusetts Financial Services Company,2019,,,,,,Yes - UK Modern Slavery Act,,,,,,,
Masters Capital Management LLC,2020,,,,,,No - neither,,,,,,,
Mediolanum Gestione Fondi SGRpA,2020,,,,,,No - neither,,,,,,,
Melvin Capital Management LP,2020,,,,,,No - neither,,,,,,,
Mensarius AG,2020,,,,,,No - neither,,,,,,,
Merian Global Investors (UK) Ltd.,2020,,,,,,Yes - UK Modern Slavery Act,,,,,,,
Metersbonwe,2019,,,,,,,,,,,,,
Millennium Management LLC,2020,,,,,,Yes - UK Modern Slavery Act,,,,,,,
Miller Value Partners LLC,2020,,,,,,No - neither,,,,,,,
Miton Asset Management Limited,2016,,,,,,Yes - UK Modern Slavery Act,,,,,,,
Miton Asset Management Limited,2018,,,,,,Yes - UK Modern Slavery Act,,,,,,,
Miton Asset Management Limited,2019,,,,,,Yes - UK Modern Slavery Act,,,,,,,
Miton Asset Management Limited,2020,,,,,,Yes - UK Modern Slavery Act,,,,,,,
Moncler,2015,37647,,403,3944,,,,,,,,,
Moncler,2016,68935,,1437.74,7092.77,,,,,,,,,
Moncler,2017,79767,2464,1636,5480,Living Wage mentioned,,504.7,492.7,189000,3500,,,
Moncler,2018,83558,2931,1735,5582,No Living Wage Policy,,607,593.1,139000,4155,,,
Moncler,2019,98657.388576,3255,1768.18,7610.87,No Living Wage Policy,,918.1,56.9,253000,,,,
Moncler,2020,35264864.84,3181,1298.14,16178.96,,,1136.3,63.1,,4398,No,,
Moncler,2021,152800,3677,2155.3,13573.7,,,1081.5,78.9,,5290,,,
Moncler,2023,202826,5213,2539,3,Living Wage Achieved,,1809.6,1614.1,71070,,,,
Morgan Stanley,2016,,,,,,Yes - UK Modern Slavery Act,,,,,,,
Morgan Stanley,2017,,,,,,Yes - UK Modern Slavery Act,,,,,,,
Morgan Stanley,2018,,,,,,Yes - UK Modern Slavery Act,,,,,,,
Morgan Stanley,2019,,,,,,Yes - UK Modern Slavery Act,,,,,,,
"Morgan Stanley,2020,,,,,,""Yes - UK Modern Slavery Act, Yes - Australian Modern Slavery Act"",,,,,,,",nan,,,,,,,,,,,,,
"Morgan Stanley,2021,,,,,,""Yes - UK Modern Slavery Act, Yes - Australian Modern Slavery Act"",,,,,,,",nan,,,,,,,,,,,,,
"Morgan Stanley,2022,,,,,,""Yes - UK Modern Slavery Act, Yes - Australian Modern Slavery Act"",,,,,,,",nan,,,,,,,,,,,,,
"Morgan Stanley,2023,,,,,,""Yes - UK Modern Slavery Act, Yes - Australian Modern Slavery Act, Yes - Canadian Act"",,,,,,,",nan,,,,,,,,,,,,,
"Morgan Stanley,2024,,,,,,""Yes - UK Modern Slavery Act, Yes - Australian Modern Slavery Act, Yes - Canadian Act"",,,,,,,",nan,,,,,,,,,,,,,
"Morgan Stanley & Co. LLC,2020,,,,,,""Yes - UK Modern Slavery Act, Yes - Australian Modern Slavery Act"",,,,,,,",nan,,,,,,,,,,,,,
"Morgan Stanley Asia Ltd.,2020,,,,,,""Yes - UK Modern Slavery Act, Yes - Australian Modern Slavery Act"",,,,,,,",nan,,,,,,,,,,,,,
Mulberry Group Plc,2019,,,,,No Living Wage Policy,,,,,,,,
Mulberry Group Plc,2020,,,,,No Living Wage Policy,,,,,,No,,
"Mulberry Group Plc,2021,14082,Unknown,Unknown,283.7,Living Wage Achieved,,Unknown,Unknown,Unknown,,No,,""The Rookery, Chilcompton Bath Somerset BA3 4EH""",nan,,,,,,,,,,,,,
"Mulberry Group Plc,2022,15913.5768,825,431,1069,""Living Wage mentioned, Living Wage Achieved"",,Unknown,Unknown,Unknown,,No,,",nan,,,,,,,,,,,,,
"Mulberry Group Plc,2023,14695.794,,341,669,""Living Wage mentioned, Living Wage Achieved"",,Unknown,Unknown,Unknown,,,,""The Rookery, Chilcompton Bath Somerset BA3 4EH""",nan,,,,,,,,,,,,,
NNIP Advisors BV,2020,,,,,,No - neither,,,,,,,
Neuberger Berman,2018,,,,,,Yes - UK Modern Slavery Act,,,,,,,
Neuberger Berman,2019,,,,,,Yes - UK Modern Slavery Act,,,,,,,
Neuberger Berman,2020,,,,,,Yes - UK Modern Slavery Act,,,,,,,
Neuberger Berman,2021,,,,,,Yes - UK Modern Slavery Act,,,,,,,
New York State Common Retirement Fund,2020,,,,,,No - neither,,,,,,,
Newport Trust Co.,2020,,,,,,No - neither,,,,,,,
Next PLC,2017,1035253.6668,,48163,89687,,,,,,,,,
Next PLC,2018,1039954.9356,30329,46911,70693,No Living Wage Policy,,29521,26567,305602,42896,,819,
"Next PLC,2019,943407,30271,45739,60440,No Living Wage Policy,,29031,27632,237116,,,1510,""Desford Road, Enderby, Leicester, LE19 4AT""",nan,,,,,,,,,,,,,
Next PLC,2020,,27891,,,,,30227,29105,,44414,,781,
Next PLC,2021,,30775,,,,,21753,21136,,40867,,2950,Desford Road Enderby Leicester LE19 4AT
Next PLC,2022,263517406,30775,42616,47334,,,31292,30238,,44626,,1743,Desford Road Enderby Leicester LE19 4AT
Next PLC,2023,251924761,30800,43165,48961,,,34013,32297,,44000,,1342,Desford Road Enderby Leicester LE19 4AT
Nike Inc.,2003,,,852000,,,,,,,,,,
Nike Inc.,2011,,,1570000,,,,,,,,,,
Nike Inc.,2012,,,1730000,,,,,,,,,,
Nike Inc.,2013,,,1710000,,,,,,,,,,
Nike Inc.,2014,,,1710000,,,,,,,,,,
Nike Inc.,2015,1700000000,,1890000,,,,,24493.99,,,,,
Nike Inc.,2016,,543177,,,,,124059,,,1131620,,,
Nike Inc.,2017,30692552.4,32400,26339,224446,No Living Wage Policy,,89329,82193,17103600,67500,,577,
Nike Inc.,2018,2929330.8,31800,41942,259103,No Living Wage Policy,,137226,36508,16524800,73100,,567,
"Nike Inc.,2019,2991074.4,33030,46714,209065,No Living Wage Policy,,145434,38035,15437300,,,632,""Nike World Headquarters",nan,,,,,,,,,,,,,
One Bowerman Drive,nan,,,,,,,,,,,,,
Beaverton,OR 97005,,,,,,,,,,,,,
Nike Inc.,2020,,33653,,,,,,,,,,,
Nike Inc.,2021,,32588,42720,76420,,,,,,65283,,494,ONE BOWERMAN DR BEAVERTON 97005-6453
Nike Inc.,2023,2805789.6,37680,59672,222647,,,236984,69350,18569000,75748,,,
Nikko Asset Management,2017,,,,,,Yes - UK Modern Slavery Act,,,,,,,
Ninety One,2020,,,,,,Yes - UK Modern Slavery Act,,,,,,,
Nippon Life India Asset Management Ltd. (Invt Mgmt),2020,,,,,,No - neither,,,,,,,
Nippon Value Investors KK,2020,,,,,,No - neither,,,,,,,
Nomura Holdings,2016,,,,,,Yes - UK Modern Slavery Act,,,,,,,
Nomura Holdings,2020,,,,,,Yes - UK Modern Slavery Act,,,,,,,
Nomura Holdings,2021,,,,,,Yes - UK Modern Slavery Act,,,,,,,
"Nomura International plc,2020,,,,,,""Yes - UK Modern Slavery Act, Yes - Australian Modern Slavery Act"",,,,,,,",nan,,,,,,,,,,,,,
"Nomura International plc,2021,,,,,,""Yes - UK Modern Slavery Act, Yes - Australian Modern Slavery Act"",,,,,,,",nan,,,,,,,,,,,,,
Nomura International plc,2022,,,,,,Yes - UK Modern Slavery Act,,,,,,,
Nomura International plc,2023,,,,,,Yes - UK Modern Slavery Act,,,,,,,
Nordea Bank,2020,,,,,,Yes - UK Modern Slavery Act,,,,,,,
Nordea Investment Management AB,2020,,,,,,Yes - UK Modern Slavery Act,,,,,,,
Nordea Investment Management AB (Denmark),2020,,,,,,Yes - UK Modern Slavery Act,,,,,,,
Nordstrom,2016,2210159.88,,45365,248097.1,,,,,,,,,
Nordstrom,2017,2917702.8,,47957,208888,,,,,,,,,
Nordstrom,2018,2911424.4,48280,51024,204888,No Living Wage Policy,,,,,71000,,,
Nordstrom,2019,2774372.4,46240,46521,186379,No Living Wage Policy,,48801.298,31916.048892,1297472.601436704,,No,,
Nordstrom,2020,2446045.2,40000,46521,186379,,,,,,58000,,75,
Nordstrom,2021,,39600,,,,,,,,60000,,230,1617 SIXTH AVENUE SEATTLE 98101-4407
Nordstrom,2022,,39600,22717,3805845,Living Wage mentioned,,,,,60000,,210,
Norges Bank Investment Management (NBIM),2020,,,,,,No - neither,,,,,,,
Northern Trust,2017,,,,,,Yes - UK Modern Slavery Act,,,,,,,
Northern Trust,2019,,,,,,Yes - UK Modern Slavery Act,,,,,,,
"Northern Trust,2020,,,,,,""Yes - UK Modern Slavery Act, Yes - Australian Modern Slavery Act"",,,,,,,",nan,,,,,,,,,,,,,
Northern Trust,2021,,,,,,Yes - UK Modern Slavery Act,,,,,,,
"Northern Trust,2023,,,,,,""Yes - UK Modern Slavery Act, Yes - Australian Modern Slavery Act, Yes - Canadian Act"",,,,,,,",nan,,,,,,,,,,,,,
"Northern Trust Global Investments,2020,,,,,,""Yes - UK Modern Slavery Act, Yes - Australian Modern Slavery Act"",,,,,,,",nan,,,,,,,,,,,,,
Northern Trust Global Investments,2022,,,,,,Yes - UK Modern Slavery Act,,,,,,,
Northern Trust Global Investments,2023,,,,,,Yes - UK Modern Slavery Act,,,,,,,
Northern Trust Global Investments,2024,,,,,,Yes - UK Modern Slavery Act,,,,,,,
"Northern Trust Investments, Inc.,2020,,,,,,""Yes - UK Modern Slavery Act, Yes - Australian Modern Slavery Act"",,,,,,,",nan,,,,,,,,,,,,,
Nuveen LLC,2020,,,,,,Yes - UK Modern Slavery Act,,,,,,,
Oceana Investimentos,2020,,,,,,No - neither,,,,,,,
Odey Asset Management LLP,2019,,,,,,Yes - UK Modern Slavery Act,,,,,,,
Odey Asset Management LLP,2020,,,,,,Yes - UK Modern Slavery Act,,,,,,,
Ohio Public Employees Retirement System,2020,,,,,,No - neither,,,,,,,
Onward Holdings,2019,,,,,No Living Wage Policy,,,,,,,,
Onward Holdings,2022,,5165,,,,,0,0,,6377,,,
Onward Holdings,2023,,4806,1233,6352,,,,,,6061,,,
Opportunity Asset Administradora de Recursos de Terceiros Ltda.,2020,,,,,,No - neither,,,,,,,
Orbis Allan Gray Ltd,2020,,,,,,Yes - UK Modern Slavery Act,,,,,,,
Orbis Investment Management Ltd.,2020,,,,,,Yes - UK Modern Slavery Act,,,,,,,
Orient Securities,2020,,,,,,No - neither,,,,,,,
OxFORD Asset Management LLP,2021,,,,,,Yes - UK Modern Slavery Act,,,,,,,
"Oxford Industries Inc,2019,Unknown,Unknown,Unknown,Unknown,No Living Wage Policy,,Unknown,Unknown,Unknown,,,,""752 S Victory Dr, Lyons, GA""",nan,,,,,,,,,,,,,
Oxford Industries Inc,2020,,2849,,,,,,,,,No,,
PNC Bank,2020,,,,,,Yes - UK Modern Slavery Act,,,,,,,
PNC Financial Services,2020,,,,,,Yes - UK Modern Slavery Act,,,,,,,
PRIMECAP Management Co.,2020,,,,,,No - neither,,,,,,,
PVH,2016,,,37323,111403,No Living Wage Policy,,,,,,,,
"PVH,2017,Unknown,21961,32690,119758,""Living Wage Timeframe set, Living Wage Methodology described, Living Wage Achieved"",,Unknown,11231,183392,,No,,",nan,,,,,,,,,,,,,
"PVH,2018,1601384,24073,35039,93839,Living Wage mentioned,,12968,12189,181235,,""Yes, Tier 1 only"",441,",nan,,,,,,,,,,,,,
"PVH,2019,1485670,24455,33776,70369,Living Wage Methodology described,,12828,7428,136233,,""Yes, Tier 1 only"",353,""200 Madison Ave, New York, NY 10016, United States""",nan,,,,,,,,,,,,,
"PVH,2021,656640,20460,25158,38695,""Living Wage mentioned, Living Wage Methodology described"",,Unknown,Unknown,112200000,,,735,200 MADISON AVENUE NEW YORK 10016",nan,,,,,,,,,,,,,
PVH,2022,615666.708,20565,15363,31626,Living Wage mentioned,,,,,,,567,
Palisade Capital Management LLC,2020,,,,,,No - neither,,,,,,,
Paradice Investment Management LLC,2020,,,,,,No - neither,,,,,,,
Parametric Portfolio Associates LLC,2020,,,,,,Yes - Australian Modern Slavery Act,,,,,,,
"Parametric Portfolio Associates LLC,2021,,,,,,""Yes - UK Modern Slavery Act, Yes - Australian Modern Slavery Act"",,,,,,,",nan,,,,,,,,,,,,,
Parnassus Investments,2020,,,,,,No - neither,,,,,,,
Peng Yang Amc Fund Management Co. Ltd.,2020,,,,,,No - neither,,,,,,,
PensionDanmark,2020,,,,,,No - neither,,,,,,,
Perkins Investment Management LLC,2020,,,,,,Yes - UK Modern Slavery Act,,,,,,,
Phoenix Asset Management Partners Ltd.,2020,,,,,,Yes - UK Modern Slavery Act,,,,,,,
Pictet Group (Pictet Asset Management),2018,,,,,,Yes - UK Modern Slavery Act,,,,,,,
Pictet Group (Pictet Asset Management),2020,,,,,,Yes - UK Modern Slavery Act,,,,,,,
PineBridge Investments Asia Ltd.,2020,,,,,,Yes - UK Modern Slavery Act,,,,,,,
Ping An Bank,2020,,,,,,No - neither,,,,,,,
Platinum Investment Management Ltd.,2020,,,,,,Yes - Australian Modern Slavery Act,,,,,,,
Platinum Investment Management Ltd.,2021,,,,,,Yes - Australian Modern Slavery Act,,,,,,,
Platinum Investment Management Ltd.,2022,,,,,,Yes - Australian Modern Slavery Act,,,,,,,
Platinum Investment Management Ltd.,2023,,,,,,Yes - Australian Modern Slavery Act,,,,,,,
Platinum Investment Management Ltd.,2024,,,,,,Yes - Australian Modern Slavery Act,,,,,,,
Polaris Capital Management LLC,2020,,,,,,No - neither,,,,,,,
Polen Capital Management LLC,2020,,,,,,No - neither,,,,,,,
Ponta Sul Investimentos Ltda.,2020,,,,,,No - neither,,,,,,,
Prada,2014,,7547,,,,,,,,,,,
Prada,2015,,7604,,,,,,,,,No,,
Prada,2016,552200.4,7673,5431,75300,,,,,,,No,,
Prada,2017,535971.6,7914,5456,71240,,,,,,12844,No,,
Prada,2018,637379.7308,8404,5035,60835,No Living Wage Policy,,,,,13556,No,,
Prada,2019,633520.4004,8673,5040,60121,No Living Wage Policy,,,,,13988,No,,
Prada,2020,,7972,6388,,No Living Wage Policy,,,,,12858,No,,
Prada,2021,,8147,,,,,2210,,,13140,,,
Prada,2022,393751,8673,36920,310671,,,2037,,,13768,,,
Prada,2023,384218,9352,6809,4769,,,2275,1444,256300,,,,
Principal Financial Group,2020,,,,,,Yes - UK Modern Slavery Act,,,,,,,
Principal Global Investors,2019,,,,,,Yes - UK Modern Slavery Act,,,,,,,
Principal Global Investors,2020,,,,,,Yes - UK Modern Slavery Act,,,,,,,
Principal Global Investors,2021,,,,,,Yes - UK Modern Slavery Act,,,,,,,
Puma,2002,,,,,,,,,,1019,,,
Puma,2003,,,,,,,,,,2826,,,
Puma,2004,,,,,,,,,,3475,,,
Puma,2005,,,233,6623,,,105.344,,3921,4425,,,
Puma,2006,,,284,4211,,,94.122,,4862,6831,,,
Puma,2007,,,,,,,,,,8338,,,
Puma,2008,,,,,,,,,,9503,,,
Puma,2009,,,2509,24388,,,,,,9747,,,
Puma,2010,,,2275,27758,,,6458.148,,116532,9313,,,
Puma,2011,,,6616,27758,,,6458.148,,116532,10043,,,
Puma,2012,,,7068,29479,,,5071,,121043,10935,,,
Puma,2013,,,6689,27835,,,4719,,124106,10982,,,
Puma,2014,289274.328,,7306,34969,,,4310,2738.845,99712,11267,,,
Puma,2015,,,7296,35591,No Living Wage Policy,,5006.919,2949.003,104221,10988,No,,
Puma,2016,293.4,,6854,37300,No Living Wage Policy,,5302,3275,107025,11128,No,,
"Puma,2017,701571.6,5658,7678,40029,No Living Wage Policy,,5293,3419,106397,,""Yes, Tier 1 & 2"",,",nan,,,,,,,,,,,,,
"Puma,2018,705117.6,7221,6918,43366,No Living Wage Policy,,4877,2282,89676,,""Yes, Tier 1 & 2"",,",nan,,,,,,,,,,,,,
"Puma,2019,886176,8072,6326,40986,No Living Wage Policy,,3154,1111,95291,,""Yes, Tier 1 & 2"",,""PUMA SE, PUMA WAY 1, 91074 Herzogenaurach, Germany""",nan,,,,,,,,,,,,,
Puma,2020,282.06,8389,4179,30917,,,23498,1848,,14374,,129,
Puma,2021,,9297,,,,,,,,,,206,
Puma,2022,317855,9074,1430690,35528,Living Wage Achieved,,4527,27280,,20485,,249,
Puma,2023,355143.6,9570,6403,41679,Living Wage Achieved,,5595,3598,142565,21164,,203,
Pzena Investment Management Inc.,2018,,,,,,Yes - UK Modern Slavery Act,,,,,,,
"Pzena Investment Management Inc.,2020,,,,,,""Yes - UK Modern Slavery Act, Yes - Australian Modern Slavery Act"",,,,,,,",nan,,,,,,,,,,,,,
"Pzena Investment Management Inc.,2021,,,,,,""Yes - UK Modern Slavery Act, Yes - Australian Modern Slavery Act"",,,,,,,",nan,,,,,,,,,,,,,
Qatar Investment Authority,2020,,,,,,No - neither,,,,,,,
Quaestor Vermogensbeheer NV,2020,,,,,,No - neither,,,,,,,
Quantitative Management Associates LLC,2020,,,,,,Yes - UK Modern Slavery Act,,,,,,,
Quinn Opportunity Partners LLC,2020,,,,,,No - neither,,,,,,,
"RBC Global Asset Management (UK) Ltd.,2020,,,,,,""Yes - UK Modern Slavery Act, Yes - Australian Modern Slavery Act"",,,,,,,",nan,,,,,,,,,,,,,
"RBC Global Asset Management (US), Inc.,2020,,,,,,""Yes - UK Modern Slavery Act, Yes - Australian Modern Slavery Act"",,,,,,,",nan,,,,,,,,,,,,,
"RBC Global Asset Management Inc.,2020,,,,,,""Yes - UK Modern Slavery Act, Yes - Australian Modern Slavery Act"",,,,,,,",nan,,,,,,,,,,,,,
RWC Asset Management LLP,2019,,,,,,Yes - UK Modern Slavery Act,,,,,,,
RWC Asset Management LLP,2020,,,,,,Yes - UK Modern Slavery Act,,,,,,,
RWC Asset Management LLP,2022,,,,,,Yes - UK Modern Slavery Act,,,,,,,
RWC Asset Management LLP,2023,,,,,,Yes - UK Modern Slavery Act,,,,,,,
RWC Asset Management LLP,2024,,,,,,Yes - UK Modern Slavery Act,,,,,,,
Ralph Lauren Corporation,2017,619120.8,,,,,,,,,,,,
Ralph Lauren Corporation,2018,612838.8,,,,,,,,,23500,,,
Ralph Lauren Corporation,2019,586270.8,15309,,,No Living Wage Policy,,,,,,,,
Ralph Lauren Corporation,2022,861496,14148,11582,69291,,,8271,6947,,22081,,1,
Ralph Lauren Corporation,2023,851000,14972,12206,62381,,,10724,11.8,,23277,,381,
Rathbone Investment Management Ltd.,2019,,,,,,Yes - UK Modern Slavery Act,,,,,,,
Rathbone Investment Management Ltd.,2020,,,,,,Yes - UK Modern Slavery Act,,,,,,,
Rathbone Investment Management Ltd.,2021,,,,,,Yes - UK Modern Slavery Act,,,,,,,
Rathbone Investment Management Ltd.,2022,,,,,,Yes - UK Modern Slavery Act,,,,,,,
Rathbone Investment Management Ltd.,2023,,,,,,Yes - UK Modern Slavery Act,,,,,,,
Rathbone Investment Management Ltd.,2024,,,,,,Yes - UK Modern Slavery Act,,,,,,,
Ravenscroft Investment Management Ltd.,2020,,,,,,No - neither,,,,,,,
Renaissance Technologies LLC,2016,,,,,,No - neither,,,,,,,
Renaissance Technologies LLC,2017,,,,,,No - neither,,,,,,,
Renaissance Technologies LLC,2018,,,,,,No - neither,,,,,,,
Renaissance Technologies LLC,2019,,,,,,No - neither,,,,,,,
Renaissance Technologies LLC,2020,,,,,,No - neither,,,,,,,
Richemont,2017,849600,,15400,55300,,,,,,,,,
Richemont,2018,972000,16530,19500,58500,No Living Wage Policy,,,,,29000,,,
Richemont,2019,1011600,19950,15900,54800,No Living Wage Policy,,,,,35000,,,
Richemont,2021,,19950,13344,6644,,,,,,,,,
Richemont,2022,986400,19349.38,,,,,20015,6065,,33361,,,
Richemont,2023,1170000,22249,15000,4400,Living Wage mentioned,,17250,6419,2698563,,,,
River & Mercantile Asset Management LLP,2019,,,,,,Yes - UK Modern Slavery Act,,,,,,,
River & Mercantile Asset Management LLP,2020,,,,,,Yes - UK Modern Slavery Act,,,,,,,
Robeco Institutional Asset Management B.V.,2017,,,,,,Yes - UK Modern Slavery Act,,,,,,,
RobecoSAM,2017,,,,,,Yes - UK Modern Slavery Act,,,,,,,
Ross Stores,2019,,,,,No Living Wage Policy,,,,,88100,,,
Ross Stores,2020,,74260,20816,205898,No Living Wage Policy,,,,,,No,,
Ross Stores,2021,2993090,72149,24826,229977,,,,110000,,93700,,,5130 HACIENDA DRIVE DUBLIN 94568
Ross Stores,2022,3098860,80800,29832,235693,No Living Wage Policy,,,35000,,100000,,,
Royal Bank of Canada,2016,,,,,,Yes - UK Modern Slavery Act,,,,,,,
Royal Bank of Canada,2017,,,,,,Yes - UK Modern Slavery Act,,,,,,,
Royal Bank of Canada,2018,,,,,,Yes - UK Modern Slavery Act,,,,,,,
Royal Bank of Canada,2019,,,,,,Yes - UK Modern Slavery Act,,,,,,,
"Royal Bank of Canada,2020,,,,,,""Yes - UK Modern Slavery Act, Yes - Australian Modern Slavery Act"",,,,,,,",nan,,,,,,,,,,,,,
Royal Bank of Canada,2021,,,,,,Yes - Australian Modern Slavery Act,,,,,,,
Royal London Asset Management Limited,2018,,,,,,Yes - UK Modern Slavery Act,,,,,,,
Royal London Asset Management Limited,2019,,,,,,Yes - UK Modern Slavery Act,,,,,,,
Royal London Asset Management Limited,2020,,,,,,Yes - UK Modern Slavery Act,,,,,,,
Royal London Asset Management Limited,2021,,,,,,Yes - UK Modern Slavery Act,,,,,,,
Royal London Asset Management Limited,2023,,,,,,Yes - UK Modern Slavery Act,,,,,,,
Ruffer (Asia) Ltd.,2020,,,,,,Yes - UK Modern Slavery Act,,,,,,,
Russell Investment Management LLC,2019,,,,,,Yes - UK Modern Slavery Act,,,,,,,
Russell Investment Management LLC,2020,,,,,,Yes - UK Modern Slavery Act,,,,,,,
Russell Investment Management LLC,2021,,,,,,Yes - Australian Modern Slavery Act,,,,,,,
Rutabaga Capital Management LLC,2020,,,,,,No - neither,,,,,,,
SEB Investment Management,2020,,,,,,Yes - UK Modern Slavery Act,,,,,,,
SEI Investments (Europe) Ltd.,2020,,,,,,Yes - UK Modern Slavery Act,,,,,,,
SEI Investments (Europe) Ltd.,2021,,,,,,Yes - UK Modern Slavery Act,,,,,,,
SEI Investments (Europe) Ltd.,2022,,,,,,Yes - UK Modern Slavery Act,,,,,,,
SEI Investments (Europe) Ltd.,2023,,,,,,Yes - UK Modern Slavery Act,,,,,,,
SEI Investments (Europe) Ltd.,2024,,,,,,Yes - UK Modern Slavery Act,,,,,,,
SKY Harbor Capital Management,2020,,,,,,No - neither,,,,,,,
SMA Gestion SA,2020,,,,,,No - neither,,,,,,,
Salvatore Ferragamo SpA,2017,110563,2856,1327,10404,,,,,,4183,,,
Salvatore Ferragamo SpA,2018,128356,2857,1034,12517,No Living Wage Policy,,950,95,,4228,,,
Salvatore Ferragamo SpA,2019,139220,2858,1308,13268,No Living Wage Policy,,1386,144.144,,,No,,
Salvatore Ferragamo SpA,2021,126647,2599,1112,12122,,,812.9,,,3887,,,
Salvatore Ferragamo SpA,2022,130127,2542,1122,11952,,,731.8,675.4,,3830,,,
Salvatore Ferragamo SpA,2023,147822,2388,1128,3095,No Living Wage Policy,,711.13,661.3,4644000,,,,
Samlyn Capital LLC,2020,,,,,,No - neither,,,,,,,
Sanderson Asset Management LLP,2020,,,,,,Yes - UK Modern Slavery Act,,,,,,,
Sands Capital Management,2020,,,,,,No - neither,,,,,,,
Sapience Investments LLC,2020,,,,,,No - neither,,,,,,,
"Schroder Investment Management (Hong Kong) Ltd.,2020,,,,,,""Yes - UK Modern Slavery Act, Yes - Australian Modern Slavery Act"",,,,,,,",nan,,,,,,,,,,,,,
Schroder Investment Management Ltd.,2021,,,,,,Yes - UK Modern Slavery Act,,,,,,,
Schroder Investment Management Ltd.,2022,,,,,,Yes - UK Modern Slavery Act,,,,,,,
Schroder Investment Management Ltd.,2023,,,,,,Yes - UK Modern Slavery Act,,,,,,,
Schroder Investment Management Ltd.,2024,,,,,,Yes - UK Modern Slavery Act,,,,,,,
"Schroder Investment Management North America, Inc.,2020,,,,,,""Yes - UK Modern Slavery Act, Yes - Australian Modern Slavery Act"",,,,,,,",nan,,,,,,,,,,,,,
Schroders,2016,,,,,,Yes - UK Modern Slavery Act,,,,,,,
Schroders,2017,,,,,,Yes - UK Modern Slavery Act,,,,,,,
Schroders,2018,,,,,,Yes - UK Modern Slavery Act,,,,,,,
Schroders,2019,,,,,,Yes - UK Modern Slavery Act,,,,,,,
"Schroders,2020,,,,,,""Yes - UK Modern Slavery Act, Yes - Australian Modern Slavery Act"",,,,,,,",nan,,,,,,,,,,,,,
"Schroders,2021,,,,,,""Yes - UK Modern Slavery Act, Yes - Australian Modern Slavery Act"",,,,,,,",nan,,,,,,,,,,,,,
Schroders,2022,,,,,,Yes - UK Modern Slavery Act,,,,,,,
Schroders,2023,,,,,,Yes - UK Modern Slavery Act,,,,,,,
Schroders,2024,,,,,,Yes - UK Modern Slavery Act,,,,,,,
Semir,2019,,,,,No Living Wage Policy,,,,,,No,,
Semir,2023,,1923,,,,,,,,,,,
Senvest Management LLC,2020,,,,,,No - neither,,,,,,,
Shapiro Capital Management LLC,2020,,,,,,No - neither,,,,,,,
Sharp Capital Gestora de Recursos Ltda.,2020,,,,,,No - neither,,,,,,,
Silvercrest Asset Management Group Inc.,2020,,,,,,No - neither,,,,,,,
Silvercrest Asset Management Group LLC,2020,,,,,,No - neither,,,,,,,
Skechers USA Inc,2019,,,,,No Living Wage Policy,,,,,,,,
Skechers USA Inc,2022,50826,,79543,,,,,,,15000,,,
Skechers USA Inc,2023,,,10610,71983,No Living Wage Policy,,,,,,,,
Sports Direct,2017,,,12624,112692,,,,,,,,,
Sports Direct,2018,,,13754,102827,,,,,,,,,
"Sports Direct,2019,Unknown,14700,13826,96334,""Living Wage mentioned, Living Wage Methodology described"",,Unknown,Unknown,Unknown,,,,",nan,,,,,,,,,,,,,
Sports Direct,2020,995828,10091,20987,68162,Living Wage mentioned,,,13786,,30000,No,,
Sports Direct,2023,726384.82,17214.93,46789,15516,Living Wage mentioned,,,,,32481,,,Unit A Brook Park East Shirebrook NG20 8RY
Sprucegrove Investment Management Ltd.,2020,,,,,,No - neither,,,,,,,
Standard Life Investments Ltd.,2020,,,,,,Yes - UK Modern Slavery Act,,,,,,,
State Street Global Advisors,2016,,,,,,Yes - UK Modern Slavery Act,,,,,,,
State Street Global Advisors,2017,,,,,,Yes - UK Modern Slavery Act,,,,,,,
State Street Global Advisors,2018,,,,,,Yes - UK Modern Slavery Act,,,,,,,
State Street Global Advisors,2019,,,,,,Yes - UK Modern Slavery Act,,,,,,,
State Street Global Advisors,2020,,,,,,Yes - UK Modern Slavery Act,,,,,,,
State Street Global Advisors,2021,,,,,,Yes - UK Modern Slavery Act,,,,,,,
Steve Madden,2019,,,,,No Living Wage Policy,,,,,4000,,,
Steve Madden,2020,,2960,8372,,,,,,,,No,,
Steve Madden,2021,,,,,,,,,,3500,,,
Steve Madden,2022,,2880,1225,4987,,,,0.769,,4000,,,
SunTrust Banks,2020,,,,,,No - neither,,,,,,,
Superdry plc,2018,,2719,187,9197,Living Wage mentioned,,,,,4814,,,
"Superdry plc,2019,99039.6,2855,301,8457,""Living Wage mentioned, Living Wage Methodology described"",,Unknown,Unknown,Unknown,,,,",nan,,,,,,,,,,,,,
Superdry plc,2021,69613.2,2239,182,4738,Living Wage mentioned,,,,,3782,,,
Superdry plc,2022,73773.01,2373,180,0,Living Wage mentioned,,,,,,,,
Susquehanna Financial Group LLLP,2020,,,,,,No - neither,,,,,,,
Suvretta Capital Management LLC,2020,,,,,,No - neither,,,,,,,
Svenska Handelsbanken,2020,,,,,,Yes - UK Modern Slavery Act,,,,,,,
Swatch Group,2019,,,,,No Living Wage Policy,,,,,,,,
Swatch Group,2023,1432080,16560,17931,34047,,,9231,5465,1780075,,,,
Swedbank Robur,2020,,,,,,No - neither,,,,,,,
Swiss National Bank,2020,,,,,,No - neither,,,,,,,
Sycomore Asset Management,2020,,,,,,No - neither,,,,,,,
Syquant Capital SAS,2020,,,,,,No - neither,,,,,,,
T Rowe Price,2019,,,,,,Yes - UK Modern Slavery Act,,,,,,,
T Rowe Price,2020,,,,,,Yes - UK Modern Slavery Act,,,,,,,
"T Rowe Price,2021,,,,,,""Yes - UK Modern Slavery Act, Yes - Australian Modern Slavery Act"",,,,,,,",nan,,,,,,,,,,,,,
"T Rowe Price,2022,,,,,,""Yes - UK Modern Slavery Act, Yes - Australian Modern Slavery Act"",,,,,,,",nan,,,,,,,,,,,,,
T. Rowe Price Associates Inc.,2020,,,,,,Yes - UK Modern Slavery Act,,,,,,,
T. Rowe Price International Ltd.,2020,,,,,,Yes - UK Modern Slavery Act,,,,,,,
T. Rowe Price International Ltd.,2021,,,,,,Yes - UK Modern Slavery Act,,,,,,,
T. Rowe Price International Ltd.,2022,,,,,,Yes - UK Modern Slavery Act,,,,,,,
T. Rowe Price International Ltd.,2023,,,,,,Yes - UK Modern Slavery Act,,,,,,,
T. Rowe Price International Ltd.,2024,,,,,,Yes - UK Modern Slavery Act,,,,,,,
TIAA-CREF Investment Management LLC,2020,,,,,,No - neither,,,,,,,
TJX Companies,2014,,,,,,,,,,,,,
TJX Companies,2017,7675942,191730,80561,1418695,,,,,,249000,,,
TJX Companies,2018,7943396,,99906,684375,No Living Wage Policy,,,,,270000,,,
TJX Companies,2019,8163572,223080,109302,1232563,No Living Wage Policy,,,,,,No,,
TJX Companies,2021,7.384,249600,105001,1015688,Living Wage mentioned,,216684,216684,,320000,,,770 COCHITUATE RD FARMINGHAM 01701
TJX Companies,2022,8541748.8,184967,128450,441194,No Living Wage Policy,,34700,280089,,,,,
TOBAM,2020,,,,,,No - neither,,,,,,,
TOD'S,2015,,,,,,,,,,,,,
TOD'S,2016,,,2021,,,,,,,,,,
TOD'S,2017,155053,,2189,15288,,,,,,,,,
TOD'S,2018,163895,,2538,14883,,,1770.4,,,,,,
TOD'S,2019,157411,3115,2138,13831,No Living Wage Policy,,3117.2,,161000,,,,
TOD'S,2021,,,15000,,,,,,,,,1,
TOD'S,2023,145749,3476,1763,10127,No Living Wage Policy,,2770.8,1365.68,123690,,,,
TRUXT Investimentos Ltda.,2020,,,,,,No - neither,,,,,,,
TT International,2020,,,,,,Yes - UK Modern Slavery Act,,,,,,,
"TTY Management B.V.,2020,,,,,,""Yes - UK Modern Slavery Act, Yes - California Transparency in Supply Chains Act"",,,,,,,",nan,,,,,,,,,,,,,
Tapestry Inc,2010,,,,,,,,222,,,,,
Tapestry Inc,2011,,,,,,,,347,,,,,
Tapestry Inc,2012,,,,80049,,,,396,,18000,,,
Tapestry Inc,2013,,,,82795,,,376.4816671,355,,18366,,,
Tapestry Inc,2014,,15012,,56841,,,,,,19002,,,
Tapestry Inc,2015,,,,,,,,,,16843,,,
Tapestry Inc,2016,,,,,,,,,,16649,,,
Tapestry Inc,2017,,14946,1060,62211,No Living Wage Policy,,,,32176,21351,,,
Tapestry Inc,2018,,15960,1048.12,57255.45,No Living Wage Policy,,,,42476.6045,21000,,,
Tapestry Inc,2019,,16380,,,No Living Wage Policy,,,,40529.90412293,,No,,
"Tapestry Inc,2021,535518,12956,59367,59367,No Living Wage Policy,,4079,3507.94,43256.23729,,,,""10 HUDSON YARDS, NEW YORK, 10001""",nan,,,,,,,,,,,,,
Tapestry Inc,2023,,14400,5559,11779,No Living Wage Policy,,,,38206,,,46,
Tata AIA Life Insurance Co. Ltd.,2020,,,,,,No - neither,,,,,,,
Ted Baker,2018,,2441,175,4389,Living Wage mentioned,,,,,3582,,,
Ted Baker,2019,43501.716,2491,199,3715,Living Wage mentioned,,,,,,,,
"Ted Baker,2021,Unknown,1506,261,3350,""Living Wage mentioned, Living Wage Achieved"",,Unknown,Unknown,Unknown,,,136,The Ugly Brown Building 6a St Pancras Way London NW1 0TB",nan,,,,,,,,,,,,,
Ted Baker,2022,10920,1586,,,,,,,,2224,,187,The Ugly Brown Building 6a St Pancras Way London NW1 0TB
Templeton Asset Management Ltd.,2020,,,,,,Yes - UK Modern Slavery Act,,,,,,,
Templeton Asset Management Ltd. (Hong Kong),2020,,,,,,Yes - UK Modern Slavery Act,,,,,,,
Tengelmann Verwaltungs- und Beteiligungs GmbH,2020,,,,,,No - neither,,,,,,,
The Bessemer Group Inc,2020,,,,,,No - neither,,,,,,,
The Master Trust Bank of Japan Ltd,2020,,,,,,No - neither,,,,,,,
The Share Centre Ltd.,2020,,,,,,Yes - UK Modern Slavery Act,,,,,,,
The Vanguard Group,2020,,,,,,Yes - UK Modern Slavery Act,,,,,,,
The Wellcome Trust Ltd. (Investment Management),2020,,,,,,Yes - UK Modern Slavery Act,,,,,,,
Third Point LLC,2020,,,,,,No - neither,,,,,,,
Threadneedle Asset Management Ltd.,2020,,,,,,Yes - UK Modern Slavery Act,,,,,,,
Thrivent Financial,2020,,,,,,No - neither,,,,,,,
Tiffany & Co.,2013,,,43306,,,,,,,,,,
Tiffany & Co.,2014,,,,,,,,,,12000,,,
Tiffany & Co.,2015,,,,,,,,,,,,,
Tiffany & Co.,2016,406728,,2844,39913,,,,,,12000,,,
Tiffany & Co.,2017,415713.6,9170,3124,40201,Living Wage mentioned,,,,,11900,,,
Tiffany & Co.,2018,424281.6,9940,3151,41420,Living Wage mentioned,,,,,13100,,,
Tiffany & Co.,2019,419126.4,9870,2977,36780,Living Wage mentioned,,,,,14000,No,,
Tiffany & Co.,2020,,,,,,,,,,13000,,,
Tiffany & Co.,2021,30211.39,9100,2686,33779,Living Wage Methodology described,,,,,13000,,,727 FIFTH AVE NEW YORK 10022
Tiffany & Co.,2022,,,2926,5524,No Living Wage Policy,,,,,13000,,,
Toscafund Asset Management LLP,2020,,,,,,No - neither,,,,,,,
Tower Research Capital LLC,2018,,,,,,Yes - UK Modern Slavery Act,,,,,,,
Towers Watson & Co.,2020,,,,,,Yes - UK Modern Slavery Act,,,,,,,
Towle & Co.,2020,,,,,,No - neither,,,,,,,
Tremblant Capital,2020,,,,,,No - neither,,,,,,,
Trusteam Finance SCA,2020,,,,,,No - neither,,,,,,,
Tybourne Capital Management (HK) Ltd.,2020,,,,,,No - neither,,,,,,,
Tybourne Capital Management Limited,2020,,,,,,No - neither,,,,,,,
"UBS,2020,,,,,,""Yes - UK Modern Slavery Act, Yes - Australian Modern Slavery Act"",,,,,,,",nan,,,,,,,,,,,,,
"UBS Asset Management,2020,,,,,,""Yes - UK Modern Slavery Act, Yes - Australian Modern Slavery Act"",,,,,,,",nan,,,,,,,,,,,,,
UTI Asset Management Co. Ltd. (Investment Management),2020,,,,,,No - neither,,,,,,,
Under Armour,2016,,,,,,,,,,,,,
"Under Armour,2019,Unknown,Unknown,Unknown,Unknown,No Living Wage Policy,,Unknown,Unknown,Unknown,,,47,""Baltimore",nan,,,,,,,,,,,,,
Maryland,nan,,,,,,,,,,,,,
Under Armour,2022,351082,7950,3614,33044,No Living Wage Policy,,,,,,,104,
United Arrows,2019,,,,,No Living Wage Policy,,,,,,,,
United Arrows,2022,84268.26,2115,584,7743,No Living Wage Policy,,,,2651,,,,
Urban Outfitters,2019,,,,,No Living Wage Policy,,,,,,,,
Urban Outfitters,2021,,,3906,,Living Wage mentioned,,377,4395,,,,,5000 SOUTH BROAD STREET PHILADELPHIA 19112
Urban Outfitters,2022,,,,,,,,,,,,,
VF,2015,1404034.5708,,,,,,,,,,,,
VF,2016,1404034.5708,33424,74335,163650,No Living Wage Policy,,,45699,3492479,68966,,,
VF,2017,2612179.9403999997,,72116,143466,,,,,,,,624,
VF,2018,2631957.2676,34952,72825,140488,No Living Wage Policy,,,,1443000,,,,
VF,2019,,,,,No Living Wage Policy,,,,,,,,
VF,2020,726858,24960,18405,83896,Living Wage mentioned,,25334,16950,160000000,48470,,645,
"VF,2022,596858.4, 17697,9829,35561,""Living Wage Timeframe set, Living Wage Methodology described"",,19989,15451,Unknown,,,1218,",nan,,,,,,,,,,,,,
Value Square NV,2020,,,,,,No - neither,,,,,,,
Van de Velde,2017,13230,,,,,,,,,,,,
Van de Velde,2018,14580,,,,,,,,,,,,
"Van de Velde,2019,13698,1440,Unknown,Unknown,""Living Wage mentioned, Living Wage Methodology described"",,445,305,Unknown,,,,""Lageweg 4",nan,,,,,,,,,,,,,
9260 Schellebelle,nan,,,,,,,,,,,,,
"Belgium""",nan,,,,,,,,,,,,,
Van de Velde,2023,16668,,,,Living Wage mentioned,,,,,,,,
Vera Bradley Inc.,2018,,2358,,,No Living Wage Policy,,,,,2730,,,
"Vera Bradley Inc.,2019,Unknown,2430,Unknown,Unknown,No Living Wage Policy,,Unknown,Unknown,Unknown,,,,""11222 Stonebridge Rd, Roanoke, IN""",nan,,,,,,,,,,,,,
Vera Bradley Inc.,2023,63716,1926,1285.62,4836.38,No Living Wage Policy,,,,,,,,
Verde Asset Management SA,2020,,,,,,No - neither,,,,,,,
Victory Capital Management Inc.,2020,,,,,,No - neither,,,,,,,
Vinci Equities Gestora de Recursos Ltda.,2020,,,,,,No - neither,,,,,,,
Vipshop Holdings,2016,34163.0136,,439.61,5002.03,,,,,,,,,
Vipshop Holdings,2017,35436.8556,,485.87,5188.54,,,,,,,,,
Vipshop Holdings,2018,31858.8516,23026,544.9,4664.66,No Living Wage Policy,,21845,21080,201237,,,,
Vipshop Holdings,2019,1189795.0908,8477,75213,59701,No Living Wage Policy,,31080,28547,597334,,,,
Vipshop Holdings,2020,,,1330,68962,,,,12911,,,No,,
Vipshop Holdings,2021,,3850,,,,,,,,8013,,,
Vipshop Holdings,2022,631724.04,3585,12153.9,84711.3,No Living Wage Policy,,57673.2,22810.5,2100000,,,,
Vontobel,2019,,,,,,No - neither,,,,,,,
Vontobel,2020,,,,,,No - neither,,,,,,,
WCM Investment Management,2020,,,,,,No - neither,,,,,,,
Walter Scott & Partners Ltd.,2019,,,,,,Yes - UK Modern Slavery Act,,,,,,,
Walter Scott & Partners Ltd.,2020,,,,,,Yes - UK Modern Slavery Act,,,,,,,
Walter Scott & Partners Ltd.,2021,,,,,,Yes - UK Modern Slavery Act,,,,,,,
Wellington Management Company,2019,,,,,,Yes - UK Modern Slavery Act,,,,,,,
Wellington Management Company,2020,,,,,,Yes - UK Modern Slavery Act,,,,,,,
Wellington Management Company,2021,,,,,,Yes - UK Modern Slavery Act,,,,,,,
Wellington Management Company,2022,,,,,,No - neither,,,,,,,
Wells Fargo,2019,,,,,,Yes - UK Modern Slavery Act,,,,,,,
Wells Fargo Clearing Services LLC,2019,,,,,,Yes - UK Modern Slavery Act,,,,,,,
West Midlands Pension Fund,2020,,,,,,Yes - UK Modern Slavery Act,,,,,,,
West Yorkshire Pension Fund,2020,,,,,,No - neither,,,,,,,
Westwood Management Corp,2020,,,,,,No - neither,,,,,,,
William Blair Investment Management LLC,2020,,,,,,Yes - UK Modern Slavery Act,,,,,,,
Winslow Capital Management LLC,2020,,,,,,No - neither,,,,,,,
Winton Capital Management Ltd.,2018,,,,,,Yes - UK Modern Slavery Act,,,,,,,
Winton Capital Management Ltd.,2020,,,,,,Yes - UK Modern Slavery Act,,,,,,,
Wolverine World Wide,2019,,,,,No Living Wage Policy,,,,,4000,,,
Wolverine World Wide,2021,,,,,,,,,,,,,9341 COURTLAND DR ROCKFORD 49351
Wolverine World Wide,2022,69480,2191,,,,,,184896.4,,,,,
YOOX NET-A-PORTER Group SpA,2016,104509,,1553,9778,,,,,,,,,
YOOX NET-A-PORTER Group SpA,2017,100613,,1841,11028,,,,,,,,,
YOOX NET-A-PORTER Group SpA,2018,118256,3179,1299,11830,No Living Wage Policy,,4116,,103987,5000,No,,
YOOX NET-A-PORTER Group SpA,2019,,,,,No Living Wage Policy,,,,,,,,
Yacktman Asset Management LP,2020,,,,,,No - neither,,,,,,,
Zalando SE,2014,,,,,,,,,,,,,
Zalando SE,2015,,4354,,,,,,,,,,,
Zalando SE,2016,,5585,,,,,16505,14793,,,No,,
Zalando SE,2017,303847.2,6901,4935,21290,No Living Wage Policy,,17694,15821,,15091,No,,
Zalando SE,2018,374439.6,7341,5701,1678,No Living Wage Policy,,18914,16763,,15455,No,,
"Zalando SE,2019,474329,6469,5904,2271,No Living Wage Policy,,22114,19794,Unknown,,""Yes, Tier 1 only"",,""Zalando SE, Valeska-Gert-Straße 5, 10243 Berlin, Germany""",nan,,,,,,,,,,,,,
Zalando SE,2020,,6586,,,,,,,,,,256,
Zalando SE,2021,,8044,5150137,,,,680000,67320,,1700,,226,
Zalando SE,2022,601506,7817,5512,588,,,32528,30485,,16457,,228,
Zignago Holding S.p.A.,2020,,,,,,No - neither,,,,,,,
Zurcher Kantonalbank,2020,,,,,,No - neither,,,,,,,
eQ Varainhoito Oy,2020,,,,,,No - neither,,,,,,,
lululemon athletica,2012,,,,,,,,,72200,,,,
lululemon athletica,2015,34845.192,,1753.71,13962.5,,,,,,,,,
lululemon athletica,2018,,,,,No Living Wage Policy,,,,,15700,,56,
lululemon athletica,2019,225918.648,,3164,16425,No Living Wage Policy,,,,,19000,,,
lululemon athletica,2021,,22330,3092,19718,Living Wage mentioned,,5827,,58388,29000,,101,
lululemon athletica,2022,,25840,3910,24950,,,2079,,,34000,,91,
lululemon athletica,2023,419446.8,28880,4232,32,Living Wage mentioned,,,,,,,79,
